-- raw_layer.auth_customers definition
CREATE TABLE raw_layer.auth_customers
(

    `customer_id` Int32,
    `customer_name` String,
    `phone` String
)
ENGINE = MergeTree
PRIMARY KEY customer_id
ORDER BY customer_id
SETTINGS index_granularity = 8192;

INSERT INTO raw_layer.auth_customers (customer_id,customer_name,phone) VALUES
     (103,'Schmitt Carine ','40.32.2555'),
     (112,'King Jean','7025551838'),
     (114,'Ferguson Peter','03 9520 4555'),
     (119,'Labrune Janine ','40.67.8555'),
     (121,'Bergulfsen Jonas ','07-98 9555'),
     (124,'Nelson Susan','4155551450'),
     (125,'Piestrzeniewicz Zbyszek ','(26) 642-7555'),
     (128,'Keitel Roland','+49 69 66 90 2555'),
     (129,'Murphy Julie','6505555787'),
     (131,'Lee Kwai','2125557818');
INSERT INTO raw_layer.auth_customers (customer_id,customer_name,phone) VALUES
     (141,'Freyre Diego ','(91) 555 94 44'),
     (144,'Berglund Christina ','0921-12 3555'),
     (145,'Petersen Jytte ','31 12 3555'),
     (146,'Saveley Mary ','78.32.5555'),
     (148,'Natividad Eric','+65 221 7555'),
     (151,'Young Jeff','2125557413'),
     (157,'Leong Kelvin','2155551555'),
     (161,'Hashimoto Juri','6505556809'),
     (166,'Victorino Wendy','+65 224 1555'),
     (167,'Oeztan Veysel','+47 2267 3215');
INSERT INTO raw_layer.auth_customers (customer_id,customer_name,phone) VALUES
     (168,'Franco Keith','2035557845'),
     (169,'de Castro Isabel ','(1) 356-5555'),
     (171,'Rancé Martine ','20.16.1555'),
     (172,'Bertrand Marie','(1) 42.34.2555'),
     (173,'Tseng Jerry','6175555555'),
     (175,'King Julie','2035552570'),
     (177,'Kentary Mory','+81 06 6342 5555'),
     (181,'Frick Michael','2125551500'),
     (186,'Karttunen Matti','90-224 8555'),
     (187,'Ashworth Rachel','(171) 555-1555');
INSERT INTO raw_layer.auth_customers (customer_id,customer_name,phone) VALUES
     (189,'Cassidy Dean','+353 1862 1555'),
     (198,'Taylor Leslie','6175558428'),
     (201,'Devon Elizabeth','(171) 555-2282'),
     (202,'Tamuri Yoshi ','(604) 555-3392'),
     (204,'Barajas Miguel','6175557555'),
     (205,'Young Julie','6265557265'),
     (206,'Walker Brydey','+612 9411 1555'),
     (209,'Citeaux Frédérique ','88.60.1555'),
     (211,'Gao Mike','+852 2251 1555'),
     (216,'Saavedra Eduardo ','(93) 203 4555');
INSERT INTO raw_layer.auth_customers (customer_id,customer_name,phone) VALUES
     (219,'Young Mary','3105552373'),
     (223,'Kloss Horst ','0372-555188'),
     (227,'Ibsen Palle','86 21 3555'),
     (233,'Fresnière Jean ','(514) 555-8054'),
     (237,'Camino Alejandra ','(91) 745 6555'),
     (239,'Thompson Valarie','7605558146'),
     (240,'Bennett Helen ','(198) 555-8888'),
     (242,'Roulet Annette ','61.77.6555'),
     (247,'Messner Renate ','069-0555984'),
     (249,'Accorti Paolo ','011-4988555');
INSERT INTO raw_layer.auth_customers (customer_id,customer_name,phone) VALUES
     (250,'Da Silva Daniel','+33 1 46 62 7555'),
     (256,'Tonini Daniel ','30.59.8555'),
     (259,'Pfalzheim Henriette ','0221-5554327'),
     (260,'Lincoln Elizabeth ','(604) 555-4555'),
     (273,'Franken Peter ','089-0877555'),
     (276,'O''Hara Anna','02 9936 8555'),
     (278,'Rovelli Giovanni ','035-640555'),
     (282,'Huxley Adrian','+61 2 9495 8555'),
     (286,'Hernandez Marta','6175558555'),
     (293,'Harrison Ed','+41 26 425 50 01');
INSERT INTO raw_layer.auth_customers (customer_id,customer_name,phone) VALUES
     (298,'Holz Mihael','0897-034555'),
     (299,'Klaeboe Jan','+47 2212 1555'),
     (303,'Schuyler Bradley','+31 20 491 9555'),
     (307,'Andersen Mel','030-0074555'),
     (311,'Koskitalo Pirkko','981-443655'),
     (314,'Dewey Catherine ','(02) 5554 67'),
     (319,'Frick Steve','9145554562'),
     (320,'Huang Wing','5085559555'),
     (321,'Brown Julie','6505551386'),
     (323,'Graham Mike','+64 9 312 5555');
INSERT INTO raw_layer.auth_customers (customer_id,customer_name,phone) VALUES
     (324,'Brown Ann ','(171) 555-0297'),
     (328,'Brown William','2015559350'),
     (333,'Calaghan Ben','61-7-3844-6555'),
     (334,'Suominen Kalle','+358 9 8045 555'),
     (335,'Cramer Philip ','0555-09555'),
     (339,'Cervantes Francisca','2155554695'),
     (344,'Fernandez Jesus','+34 913 728 555'),
     (347,'Chandler Brian','2155554369'),
     (348,'McKenna Patricia ','2967 555'),
     (350,'Lebihan Laurence ','91.24.4555');
INSERT INTO raw_layer.auth_customers (customer_id,customer_name,phone) VALUES
     (353,'Henriot Paul ','26.47.1555'),
     (356,'Kuger Armand','+27 21 550 3555'),
     (357,'MacKinlay Wales','64-9-3763555'),
     (361,'Josephs Karin','0251-555259'),
     (362,'Yoshido Juri','6175559555'),
     (363,'Young Dorothy','6035558647'),
     (369,'Rodriguez Lino ','(1) 354-2555'),
     (376,'Urs Braun','0452-076555'),
     (379,'Nelson Allen','6175558555'),
     (381,'Cartrain Pascale ','(071) 23 67 2555');
INSERT INTO raw_layer.auth_customers (customer_id,customer_name,phone) VALUES
     (382,'Pipps Georg ','6562-9555'),
     (385,'Cruz Arnold','+63 2 555 3587'),
     (386,'Moroni Maurizio ','0522-556555'),
     (398,'Shimamura Akiko','+81 3 3584 0555'),
     (406,'Perrier Dominique','(1) 47.55.6555'),
     (409,'Müller Rita ','0711-555361'),
     (412,'McRoy Sarah','04 499 9555'),
     (415,'Donnermeyer Michael',' +49 89 61 08 9555'),
     (424,'Hernandez Maria','2125558493'),
     (443,'Feuer Alexander ','0342-555176');
INSERT INTO raw_layer.auth_customers (customer_id,customer_name,phone) VALUES
     (447,'Lewis Dan','2035554407'),
     (448,'Larsson Martha','0695-34 6555'),
     (450,'Frick Sue','4085553659'),
     (452,'Mendel Roland ','7675-3555'),
     (455,'Murphy Leslie','2035559545'),
     (456,'Choi Yu','2125551957'),
     (458,'Sommer Martín ','(91) 555 22 82'),
     (459,'Ottlieb Sven ','0241-039123'),
     (462,'Benitez Violeta','5085552555'),
     (465,'Anton Carmen','+34 913 728555');
INSERT INTO raw_layer.auth_customers (customer_id,customer_name,phone) VALUES
     (471,'Clenahan Sean','61-9-3844-6555'),
     (473,'Ricotti Franco','+39 022515555'),
     (475,'Thompson Steve','3105553722'),
     (477,'Moos Hanna ','0621-08555'),
     (480,'Semenov Alexander ','+7 812 293 0521'),
     (481,'Altagar,G M Raanan','+ 972 9 959 8555'),
     (484,'Roel José Pedro ','(95) 555 82 82'),
     (486,'Salazar Rosa','2155559857'),
     (487,'Taylor Sue','4155554312'),
     (489,'Smith Thomas ','(171) 555-7555');
INSERT INTO raw_layer.auth_customers (customer_id,customer_name,phone) VALUES
     (495,'Franco Valarie','6175552555'),
     (496,'Snowden Tony','+64 9 5555500');


-- raw_layer.crm_orders definition
CREATE TABLE raw_layer.crm_orders
(
    `order_id` Int32,
    `order_date` Date,
    `customer_id` Int32,
    `product_id` String,
    `quantity` Float32,
    `sales` Float32
)
ENGINE = MergeTree
PRIMARY KEY (order_id,
 product_id)
ORDER BY (order_id,
 product_id)
SETTINGS index_granularity = 8192;

INSERT INTO raw_layer.crm_orders (order_id,order_date,customer_id,product_id,quantity,sales) VALUES
     (10100,'2003-01-06',363,'S18_1749',30.0,301.84),
     (10100,'2003-01-06',363,'S18_2248',50.0,301.84),
     (10100,'2003-01-06',363,'S18_4409',22.0,301.84),
     (10100,'2003-01-06',363,'S24_3969',49.0,301.84),
     (10101,'2003-01-09',128,'S18_2325',25.0,352.0),
     (10101,'2003-01-09',128,'S18_2795',26.0,352.0),
     (10101,'2003-01-09',128,'S24_1937',45.0,352.0),
     (10101,'2003-01-09',128,'S24_2022',46.0,352.0),
     (10102,'2003-01-10',181,'S18_1342',39.0,138.68001),
     (10102,'2003-01-10',181,'S18_1367',41.0,138.68001);
INSERT INTO raw_layer.crm_orders (order_id,order_date,customer_id,product_id,quantity,sales) VALUES
     (10103,'2003-01-29',121,'S10_1949',26.0,1520.37),
     (10103,'2003-01-29',121,'S10_4962',42.0,1520.37),
     (10103,'2003-01-29',121,'S12_1666',27.0,1520.37),
     (10103,'2003-01-29',121,'S18_1097',35.0,1520.37),
     (10103,'2003-01-29',121,'S18_2432',22.0,1520.37),
     (10103,'2003-01-29',121,'S18_2949',27.0,1520.37),
     (10103,'2003-01-29',121,'S18_2957',35.0,1520.37),
     (10103,'2003-01-29',121,'S18_3136',25.0,1520.37),
     (10103,'2003-01-29',121,'S18_3320',46.0,1520.37),
     (10103,'2003-01-29',121,'S18_4600',36.0,1520.37);
INSERT INTO raw_layer.crm_orders (order_id,order_date,customer_id,product_id,quantity,sales) VALUES
     (10103,'2003-01-29',121,'S18_4668',41.0,1520.37),
     (10103,'2003-01-29',121,'S24_2300',36.0,1520.37),
     (10103,'2003-01-29',121,'S24_4258',25.0,1520.37),
     (10103,'2003-01-29',121,'S32_1268',31.0,1520.37),
     (10103,'2003-01-29',121,'S32_3522',45.0,1520.37),
     (10103,'2003-01-29',121,'S700_2824',42.0,1520.37),
     (10104,'2003-01-31',141,'S12_3148',34.0,1251.89),
     (10104,'2003-01-31',141,'S12_4473',41.0,1251.89),
     (10104,'2003-01-31',141,'S18_2238',24.0,1251.89),
     (10104,'2003-01-31',141,'S18_2319',29.0,1251.89);
INSERT INTO raw_layer.crm_orders (order_id,order_date,customer_id,product_id,quantity,sales) VALUES
     (10104,'2003-01-31',141,'S18_3232',23.0,1251.89),
     (10104,'2003-01-31',141,'S18_4027',38.0,1251.89),
     (10104,'2003-01-31',141,'S24_1444',35.0,1251.89),
     (10104,'2003-01-31',141,'S24_2840',44.0,1251.89),
     (10104,'2003-01-31',141,'S24_4048',26.0,1251.89),
     (10104,'2003-01-31',141,'S32_2509',35.0,1251.89),
     (10104,'2003-01-31',141,'S32_3207',49.0,1251.89),
     (10104,'2003-01-31',141,'S50_1392',33.0,1251.89),
     (10104,'2003-01-31',141,'S50_1514',32.0,1251.89),
     (10105,'2003-02-11',145,'S10_4757',50.0,1479.71);
INSERT INTO raw_layer.crm_orders (order_id,order_date,customer_id,product_id,quantity,sales) VALUES
     (10105,'2003-02-11',145,'S12_1108',41.0,1479.71),
     (10105,'2003-02-11',145,'S12_3891',29.0,1479.71),
     (10105,'2003-02-11',145,'S18_3140',22.0,1479.71),
     (10105,'2003-02-11',145,'S18_3259',38.0,1479.71),
     (10105,'2003-02-11',145,'S18_4522',41.0,1479.71),
     (10105,'2003-02-11',145,'S24_2011',43.0,1479.71),
     (10105,'2003-02-11',145,'S24_3151',44.0,1479.71),
     (10105,'2003-02-11',145,'S24_3816',50.0,1479.71),
     (10105,'2003-02-11',145,'S700_1138',41.0,1479.71),
     (10105,'2003-02-11',145,'S700_1938',29.0,1479.71);
INSERT INTO raw_layer.crm_orders (order_id,order_date,customer_id,product_id,quantity,sales) VALUES
     (10105,'2003-02-11',145,'S700_2610',31.0,1479.71),
     (10105,'2003-02-11',145,'S700_3505',39.0,1479.71),
     (10105,'2003-02-11',145,'S700_3962',22.0,1479.71),
     (10105,'2003-02-11',145,'S72_3212',25.0,1479.71),
     (10106,'2003-02-17',278,'S18_1662',36.0,1427.28),
     (10106,'2003-02-17',278,'S18_2581',34.0,1427.28),
     (10106,'2003-02-17',278,'S18_3029',41.0,1427.28),
     (10106,'2003-02-17',278,'S18_3856',41.0,1427.28),
     (10106,'2003-02-17',278,'S24_1785',28.0,1427.28),
     (10106,'2003-02-17',278,'S24_2841',49.0,1427.28);
INSERT INTO raw_layer.crm_orders (order_id,order_date,customer_id,product_id,quantity,sales) VALUES
     (10106,'2003-02-17',278,'S24_3420',31.0,1427.28),
     (10106,'2003-02-17',278,'S24_3949',50.0,1427.28),
     (10106,'2003-02-17',278,'S24_4278',26.0,1427.28),
     (10106,'2003-02-17',278,'S32_4289',33.0,1427.28),
     (10106,'2003-02-17',278,'S50_1341',39.0,1427.28),
     (10106,'2003-02-17',278,'S700_1691',31.0,1427.28),
     (10106,'2003-02-17',278,'S700_2047',30.0,1427.28),
     (10106,'2003-02-17',278,'S700_2466',34.0,1427.28),
     (10106,'2003-02-17',278,'S700_2834',32.0,1427.28),
     (10106,'2003-02-17',278,'S700_3167',44.0,1427.28);
INSERT INTO raw_layer.crm_orders (order_id,order_date,customer_id,product_id,quantity,sales) VALUES
     (10106,'2003-02-17',278,'S700_4002',48.0,1427.28),
     (10106,'2003-02-17',278,'S72_1253',48.0,1427.28),
     (10107,'2003-02-24',131,'S10_1678',30.0,793.21),
     (10107,'2003-02-24',131,'S10_2016',39.0,793.21),
     (10107,'2003-02-24',131,'S10_4698',27.0,793.21),
     (10107,'2003-02-24',131,'S12_2823',21.0,793.21),
     (10107,'2003-02-24',131,'S18_2625',29.0,793.21),
     (10107,'2003-02-24',131,'S24_1578',25.0,793.21),
     (10107,'2003-02-24',131,'S24_2000',38.0,793.21),
     (10107,'2003-02-24',131,'S32_1374',20.0,793.21);
INSERT INTO raw_layer.crm_orders (order_id,order_date,customer_id,product_id,quantity,sales) VALUES
     (10108,'2003-03-03',385,'S12_1099',33.0,1432.86),
     (10108,'2003-03-03',385,'S12_3380',45.0,1432.86),
     (10108,'2003-03-03',385,'S12_3990',39.0,1432.86),
     (10108,'2003-03-03',385,'S12_4675',36.0,1432.86),
     (10108,'2003-03-03',385,'S18_1889',38.0,1432.86),
     (10108,'2003-03-03',385,'S18_3278',26.0,1432.86),
     (10108,'2003-03-03',385,'S18_3482',29.0,1432.86),
     (10108,'2003-03-03',385,'S18_3782',43.0,1432.86),
     (10108,'2003-03-03',385,'S18_4721',44.0,1432.86),
     (10108,'2003-03-03',385,'S24_2360',35.0,1432.86);
INSERT INTO raw_layer.crm_orders (order_id,order_date,customer_id,product_id,quantity,sales) VALUES
     (10108,'2003-03-03',385,'S24_3371',30.0,1432.86),
     (10108,'2003-03-03',385,'S24_3856',40.0,1432.86),
     (10108,'2003-03-03',385,'S24_4620',31.0,1432.86),
     (10108,'2003-03-03',385,'S32_2206',27.0,1432.86),
     (10108,'2003-03-03',385,'S32_4485',31.0,1432.86),
     (10108,'2003-03-03',385,'S50_4713',34.0,1432.86),
     (10109,'2003-03-10',486,'S18_1129',26.0,700.89),
     (10109,'2003-03-10',486,'S18_1984',38.0,700.89),
     (10109,'2003-03-10',486,'S18_2870',26.0,700.89),
     (10109,'2003-03-10',486,'S18_3232',46.0,700.89);
INSERT INTO raw_layer.crm_orders (order_id,order_date,customer_id,product_id,quantity,sales) VALUES
     (10109,'2003-03-10',486,'S18_3685',47.0,700.89),
     (10109,'2003-03-10',486,'S24_2972',29.0,700.89),
     (10110,'2003-03-18',187,'S18_1589',37.0,1338.47),
     (10110,'2003-03-18',187,'S18_1749',42.0,1338.47),
     (10110,'2003-03-18',187,'S18_2248',32.0,1338.47),
     (10110,'2003-03-18',187,'S18_2325',33.0,1338.47),
     (10110,'2003-03-18',187,'S18_2795',31.0,1338.47),
     (10110,'2003-03-18',187,'S18_4409',28.0,1338.47),
     (10110,'2003-03-18',187,'S18_4933',42.0,1338.47),
     (10110,'2003-03-18',187,'S24_1046',36.0,1338.47);
INSERT INTO raw_layer.crm_orders (order_id,order_date,customer_id,product_id,quantity,sales) VALUES
     (10110,'2003-03-18',187,'S24_1628',29.0,1338.47),
     (10110,'2003-03-18',187,'S24_1937',20.0,1338.47),
     (10110,'2003-03-18',187,'S24_2022',39.0,1338.47),
     (10110,'2003-03-18',187,'S24_2766',43.0,1338.47),
     (10110,'2003-03-18',187,'S24_2887',46.0,1338.47),
     (10110,'2003-03-18',187,'S24_3191',27.0,1338.47),
     (10110,'2003-03-18',187,'S24_3432',37.0,1338.47),
     (10110,'2003-03-18',187,'S24_3969',48.0,1338.47),
     (10111,'2003-03-25',129,'S18_1342',33.0,460.16),
     (10111,'2003-03-25',129,'S18_1367',48.0,460.16);
INSERT INTO raw_layer.crm_orders (order_id,order_date,customer_id,product_id,quantity,sales) VALUES
     (10111,'2003-03-25',129,'S18_2957',28.0,460.16),
     (10111,'2003-03-25',129,'S18_3136',43.0,460.16),
     (10111,'2003-03-25',129,'S18_3320',39.0,460.16),
     (10111,'2003-03-25',129,'S24_4258',26.0,460.16),
     (10112,'2003-03-24',144,'S10_1949',29.0,282.26),
     (10112,'2003-03-24',144,'S18_2949',23.0,282.26),
     (10113,'2003-03-26',124,'S12_1666',21.0,325.23),
     (10113,'2003-03-26',124,'S18_1097',49.0,325.23),
     (10113,'2003-03-26',124,'S18_4668',50.0,325.23),
     (10113,'2003-03-26',124,'S32_3522',23.0,325.23);
INSERT INTO raw_layer.crm_orders (order_id,order_date,customer_id,product_id,quantity,sales) VALUES
     (10114,'2003-04-01',172,'S10_4962',31.0,909.72),
     (10114,'2003-04-01',172,'S18_2319',39.0,909.72),
     (10114,'2003-04-01',172,'S18_2432',45.0,909.72),
     (10114,'2003-04-01',172,'S18_3232',48.0,909.72),
     (10114,'2003-04-01',172,'S18_4600',41.0,909.72),
     (10114,'2003-04-01',172,'S24_2300',21.0,909.72),
     (10114,'2003-04-01',172,'S24_2840',24.0,909.72),
     (10114,'2003-04-01',172,'S32_1268',32.0,909.72),
     (10114,'2003-04-01',172,'S32_2509',28.0,909.72),
     (10114,'2003-04-01',172,'S700_2824',42.0,909.72);
INSERT INTO raw_layer.crm_orders (order_id,order_date,customer_id,product_id,quantity,sales) VALUES
     (10115,'2003-04-04',424,'S12_4473',46.0,515.99),
     (10115,'2003-04-04',424,'S18_2238',46.0,515.99),
     (10115,'2003-04-04',424,'S24_1444',47.0,515.99),
     (10115,'2003-04-04',424,'S24_4048',44.0,515.99),
     (10115,'2003-04-04',424,'S50_1392',27.0,515.99),
     (10116,'2003-04-11',381,'S32_3207',27.0,60.28),
     (10117,'2003-04-16',148,'S12_1108',33.0,1307.47),
     (10117,'2003-04-16',148,'S12_3148',43.0,1307.47),
     (10117,'2003-04-16',148,'S12_3891',39.0,1307.47),
     (10117,'2003-04-16',148,'S18_3140',26.0,1307.47);
INSERT INTO raw_layer.crm_orders (order_id,order_date,customer_id,product_id,quantity,sales) VALUES
     (10117,'2003-04-16',148,'S18_3259',21.0,1307.47),
     (10117,'2003-04-16',148,'S18_4027',22.0,1307.47),
     (10117,'2003-04-16',148,'S18_4522',23.0,1307.47),
     (10117,'2003-04-16',148,'S24_2011',41.0,1307.47),
     (10117,'2003-04-16',148,'S50_1514',21.0,1307.47),
     (10117,'2003-04-16',148,'S700_1938',38.0,1307.47),
     (10117,'2003-04-16',148,'S700_3962',45.0,1307.47),
     (10117,'2003-04-16',148,'S72_3212',50.0,1307.47),
     (10118,'2003-04-21',216,'S700_3505',36.0,86.15),
     (10119,'2003-04-28',382,'S10_4757',46.0,1081.44);
INSERT INTO raw_layer.crm_orders (order_id,order_date,customer_id,product_id,quantity,sales) VALUES
     (10119,'2003-04-28',382,'S18_1662',43.0,1081.44),
     (10119,'2003-04-28',382,'S18_3029',21.0,1081.44),
     (10119,'2003-04-28',382,'S18_3856',27.0,1081.44),
     (10119,'2003-04-28',382,'S24_2841',41.0,1081.44),
     (10119,'2003-04-28',382,'S24_3151',35.0,1081.44),
     (10119,'2003-04-28',382,'S24_3420',20.0,1081.44),
     (10119,'2003-04-28',382,'S24_3816',35.0,1081.44),
     (10119,'2003-04-28',382,'S24_3949',28.0,1081.44),
     (10119,'2003-04-28',382,'S700_1138',25.0,1081.44),
     (10119,'2003-04-28',382,'S700_2047',29.0,1081.44);
INSERT INTO raw_layer.crm_orders (order_id,order_date,customer_id,product_id,quantity,sales) VALUES
     (10119,'2003-04-28',382,'S700_2610',38.0,1081.44),
     (10119,'2003-04-28',382,'S700_4002',26.0,1081.44),
     (10119,'2003-04-28',382,'S72_1253',28.0,1081.44),
     (10120,'2003-04-29',114,'S10_2016',29.0,1322.67),
     (10120,'2003-04-29',114,'S10_4698',46.0,1322.67),
     (10120,'2003-04-29',114,'S18_2581',29.0,1322.67),
     (10120,'2003-04-29',114,'S18_2625',46.0,1322.67),
     (10120,'2003-04-29',114,'S24_1578',35.0,1322.67),
     (10120,'2003-04-29',114,'S24_1785',39.0,1322.67),
     (10120,'2003-04-29',114,'S24_2000',34.0,1322.67);
INSERT INTO raw_layer.crm_orders (order_id,order_date,customer_id,product_id,quantity,sales) VALUES
     (10120,'2003-04-29',114,'S24_4278',29.0,1322.67),
     (10120,'2003-04-29',114,'S32_1374',22.0,1322.67),
     (10120,'2003-04-29',114,'S32_4289',29.0,1322.67),
     (10120,'2003-04-29',114,'S50_1341',49.0,1322.67),
     (10120,'2003-04-29',114,'S700_1691',47.0,1322.67),
     (10120,'2003-04-29',114,'S700_2466',24.0,1322.67),
     (10120,'2003-04-29',114,'S700_2834',24.0,1322.67),
     (10120,'2003-04-29',114,'S700_3167',43.0,1322.67),
     (10121,'2003-05-07',353,'S10_1678',34.0,439.16998),
     (10121,'2003-05-07',353,'S12_2823',50.0,439.16998);
INSERT INTO raw_layer.crm_orders (order_id,order_date,customer_id,product_id,quantity,sales) VALUES
     (10121,'2003-05-07',353,'S24_2360',32.0,439.16998),
     (10121,'2003-05-07',353,'S32_4485',25.0,439.16998),
     (10121,'2003-05-07',353,'S50_4713',44.0,439.16998),
     (10122,'2003-05-08',350,'S12_1099',42.0,1598.27),
     (10122,'2003-05-08',350,'S12_3380',37.0,1598.27),
     (10122,'2003-05-08',350,'S12_3990',32.0,1598.27),
     (10122,'2003-05-08',350,'S12_4675',20.0,1598.27),
     (10122,'2003-05-08',350,'S18_1129',34.0,1598.27),
     (10122,'2003-05-08',350,'S18_1889',43.0,1598.27),
     (10122,'2003-05-08',350,'S18_1984',31.0,1598.27);
INSERT INTO raw_layer.crm_orders (order_id,order_date,customer_id,product_id,quantity,sales) VALUES
     (10122,'2003-05-08',350,'S18_3232',25.0,1598.27),
     (10122,'2003-05-08',350,'S18_3278',21.0,1598.27),
     (10122,'2003-05-08',350,'S18_3482',21.0,1598.27),
     (10122,'2003-05-08',350,'S18_3782',35.0,1598.27),
     (10122,'2003-05-08',350,'S18_4721',28.0,1598.27),
     (10122,'2003-05-08',350,'S24_2972',39.0,1598.27),
     (10122,'2003-05-08',350,'S24_3371',34.0,1598.27),
     (10122,'2003-05-08',350,'S24_3856',43.0,1598.27),
     (10122,'2003-05-08',350,'S24_4620',29.0,1598.27),
     (10122,'2003-05-08',350,'S32_2206',31.0,1598.27);
INSERT INTO raw_layer.crm_orders (order_id,order_date,customer_id,product_id,quantity,sales) VALUES
     (10123,'2003-05-20',103,'S18_1589',26.0,396.08),
     (10123,'2003-05-20',103,'S18_2870',46.0,396.08),
     (10123,'2003-05-20',103,'S18_3685',34.0,396.08),
     (10123,'2003-05-20',103,'S24_1628',50.0,396.08),
     (10124,'2003-05-21',112,'S18_1749',21.0,976.51),
     (10124,'2003-05-21',112,'S18_2248',42.0,976.51),
     (10124,'2003-05-21',112,'S18_2325',42.0,976.51),
     (10124,'2003-05-21',112,'S18_4409',36.0,976.51),
     (10124,'2003-05-21',112,'S18_4933',23.0,976.51),
     (10124,'2003-05-21',112,'S24_1046',22.0,976.51);
INSERT INTO raw_layer.crm_orders (order_id,order_date,customer_id,product_id,quantity,sales) VALUES
     (10124,'2003-05-21',112,'S24_1937',45.0,976.51),
     (10124,'2003-05-21',112,'S24_2022',22.0,976.51),
     (10124,'2003-05-21',112,'S24_2766',32.0,976.51),
     (10124,'2003-05-21',112,'S24_2887',25.0,976.51),
     (10124,'2003-05-21',112,'S24_3191',49.0,976.51),
     (10124,'2003-05-21',112,'S24_3432',43.0,976.51),
     (10124,'2003-05-21',112,'S24_3969',46.0,976.51),
     (10125,'2003-05-21',114,'S18_1342',32.0,227.76001),
     (10125,'2003-05-21',114,'S18_2795',34.0,227.76001),
     (10126,'2003-05-28',458,'S10_1949',38.0,1623.71);
INSERT INTO raw_layer.crm_orders (order_id,order_date,customer_id,product_id,quantity,sales) VALUES
     (10126,'2003-05-28',458,'S10_4962',22.0,1623.71),
     (10126,'2003-05-28',458,'S12_1666',21.0,1623.71),
     (10126,'2003-05-28',458,'S18_1097',38.0,1623.71),
     (10126,'2003-05-28',458,'S18_1367',42.0,1623.71),
     (10126,'2003-05-28',458,'S18_2432',43.0,1623.71),
     (10126,'2003-05-28',458,'S18_2949',31.0,1623.71),
     (10126,'2003-05-28',458,'S18_2957',46.0,1623.71),
     (10126,'2003-05-28',458,'S18_3136',30.0,1623.71),
     (10126,'2003-05-28',458,'S18_3320',38.0,1623.71),
     (10126,'2003-05-28',458,'S18_4600',50.0,1623.71);
INSERT INTO raw_layer.crm_orders (order_id,order_date,customer_id,product_id,quantity,sales) VALUES
     (10126,'2003-05-28',458,'S18_4668',43.0,1623.71),
     (10126,'2003-05-28',458,'S24_2300',27.0,1623.71),
     (10126,'2003-05-28',458,'S24_4258',34.0,1623.71),
     (10126,'2003-05-28',458,'S32_1268',43.0,1623.71),
     (10126,'2003-05-28',458,'S32_3522',26.0,1623.71),
     (10126,'2003-05-28',458,'S700_2824',45.0,1623.71),
     (10127,'2003-06-03',151,'S12_1108',46.0,1601.39),
     (10127,'2003-06-03',151,'S12_3148',46.0,1601.39),
     (10127,'2003-06-03',151,'S12_3891',42.0,1601.39),
     (10127,'2003-06-03',151,'S12_4473',24.0,1601.39);
INSERT INTO raw_layer.crm_orders (order_id,order_date,customer_id,product_id,quantity,sales) VALUES
     (10127,'2003-06-03',151,'S18_2238',45.0,1601.39),
     (10127,'2003-06-03',151,'S18_2319',45.0,1601.39),
     (10127,'2003-06-03',151,'S18_3232',22.0,1601.39),
     (10127,'2003-06-03',151,'S18_4027',25.0,1601.39),
     (10127,'2003-06-03',151,'S24_1444',20.0,1601.39),
     (10127,'2003-06-03',151,'S24_2840',39.0,1601.39),
     (10127,'2003-06-03',151,'S24_4048',20.0,1601.39),
     (10127,'2003-06-03',151,'S32_2509',45.0,1601.39),
     (10127,'2003-06-03',151,'S32_3207',29.0,1601.39),
     (10127,'2003-06-03',151,'S50_1392',46.0,1601.39);
INSERT INTO raw_layer.crm_orders (order_id,order_date,customer_id,product_id,quantity,sales) VALUES
     (10127,'2003-06-03',151,'S50_1514',46.0,1601.39),
     (10128,'2003-06-06',141,'S18_3140',41.0,350.86),
     (10128,'2003-06-06',141,'S18_3259',41.0,350.86),
     (10128,'2003-06-06',141,'S18_4522',43.0,350.86),
     (10128,'2003-06-06',141,'S700_1938',32.0,350.86),
     (10129,'2003-06-12',324,'S10_4757',33.0,754.23),
     (10129,'2003-06-12',324,'S24_2011',45.0,754.23),
     (10129,'2003-06-12',324,'S24_3151',41.0,754.23),
     (10129,'2003-06-12',324,'S24_3816',50.0,754.23),
     (10129,'2003-06-12',324,'S700_1138',31.0,754.23);
INSERT INTO raw_layer.crm_orders (order_id,order_date,customer_id,product_id,quantity,sales) VALUES
     (10129,'2003-06-12',324,'S700_2610',45.0,754.23),
     (10129,'2003-06-12',324,'S700_3505',42.0,754.23),
     (10129,'2003-06-12',324,'S700_3962',30.0,754.23),
     (10129,'2003-06-12',324,'S72_3212',32.0,754.23),
     (10130,'2003-06-16',198,'S18_3029',40.0,168.34),
     (10130,'2003-06-16',198,'S18_3856',33.0,168.34),
     (10131,'2003-06-16',447,'S18_1662',21.0,577.67),
     (10131,'2003-06-16',447,'S24_2841',35.0,577.67),
     (10131,'2003-06-16',447,'S24_3420',29.0,577.67),
     (10131,'2003-06-16',447,'S24_3949',50.0,577.67);
INSERT INTO raw_layer.crm_orders (order_id,order_date,customer_id,product_id,quantity,sales) VALUES
     (10131,'2003-06-16',447,'S700_2047',22.0,577.67),
     (10131,'2003-06-16',447,'S700_2466',40.0,577.67),
     (10131,'2003-06-16',447,'S700_4002',26.0,577.67),
     (10131,'2003-06-16',447,'S72_1253',21.0,577.67),
     (10132,'2003-06-25',323,'S700_3167',36.0,80.0),
     (10133,'2003-06-27',141,'S18_2581',49.0,628.49),
     (10133,'2003-06-27',141,'S24_1785',41.0,628.49),
     (10133,'2003-06-27',141,'S24_4278',46.0,628.49),
     (10133,'2003-06-27',141,'S32_1374',23.0,628.49),
     (10133,'2003-06-27',141,'S32_4289',49.0,628.49);
INSERT INTO raw_layer.crm_orders (order_id,order_date,customer_id,product_id,quantity,sales) VALUES
     (10133,'2003-06-27',141,'S50_1341',27.0,628.49),
     (10133,'2003-06-27',141,'S700_1691',24.0,628.49),
     (10133,'2003-06-27',141,'S700_2834',27.0,628.49),
     (10134,'2003-07-01',250,'S10_1678',41.0,747.93),
     (10134,'2003-07-01',250,'S10_2016',27.0,747.93),
     (10134,'2003-07-01',250,'S10_4698',31.0,747.93),
     (10134,'2003-07-01',250,'S12_2823',20.0,747.93),
     (10134,'2003-07-01',250,'S18_2625',30.0,747.93),
     (10134,'2003-07-01',250,'S24_1578',35.0,747.93),
     (10134,'2003-07-01',250,'S24_2000',43.0,747.93);
INSERT INTO raw_layer.crm_orders (order_id,order_date,customer_id,product_id,quantity,sales) VALUES
     (10135,'2003-07-02',124,'S12_1099',42.0,1494.86),
     (10135,'2003-07-02',124,'S12_3380',48.0,1494.86),
     (10135,'2003-07-02',124,'S12_3990',24.0,1494.86),
     (10135,'2003-07-02',124,'S12_4675',29.0,1494.86),
     (10135,'2003-07-02',124,'S18_1889',48.0,1494.86),
     (10135,'2003-07-02',124,'S18_3278',45.0,1494.86),
     (10135,'2003-07-02',124,'S18_3482',42.0,1494.86),
     (10135,'2003-07-02',124,'S18_3782',45.0,1494.86),
     (10135,'2003-07-02',124,'S18_4721',31.0,1494.86),
     (10135,'2003-07-02',124,'S24_2360',29.0,1494.86);
INSERT INTO raw_layer.crm_orders (order_id,order_date,customer_id,product_id,quantity,sales) VALUES
     (10135,'2003-07-02',124,'S24_2972',20.0,1494.86),
     (10135,'2003-07-02',124,'S24_3371',27.0,1494.86),
     (10135,'2003-07-02',124,'S24_3856',47.0,1494.86),
     (10135,'2003-07-02',124,'S24_4620',23.0,1494.86),
     (10135,'2003-07-02',124,'S32_2206',33.0,1494.86),
     (10135,'2003-07-02',124,'S32_4485',30.0,1494.86),
     (10135,'2003-07-02',124,'S50_4713',44.0,1494.86),
     (10136,'2003-07-04',242,'S18_1129',25.0,407.73),
     (10136,'2003-07-04',242,'S18_1984',36.0,407.73),
     (10136,'2003-07-04',242,'S18_3232',41.0,407.73);
INSERT INTO raw_layer.crm_orders (order_id,order_date,customer_id,product_id,quantity,sales) VALUES
     (10137,'2003-07-10',353,'S18_1589',44.0,385.54),
     (10137,'2003-07-10',353,'S18_2870',37.0,385.54),
     (10137,'2003-07-10',353,'S18_3685',31.0,385.54),
     (10137,'2003-07-10',353,'S24_1628',26.0,385.54),
     (10138,'2003-07-07',496,'S18_1749',33.0,970.09),
     (10138,'2003-07-07',496,'S18_2248',22.0,970.09),
     (10138,'2003-07-07',496,'S18_2325',38.0,970.09),
     (10138,'2003-07-07',496,'S18_4409',47.0,970.09),
     (10138,'2003-07-07',496,'S18_4933',23.0,970.09),
     (10138,'2003-07-07',496,'S24_1046',45.0,970.09);
INSERT INTO raw_layer.crm_orders (order_id,order_date,customer_id,product_id,quantity,sales) VALUES
     (10138,'2003-07-07',496,'S24_1937',22.0,970.09),
     (10138,'2003-07-07',496,'S24_2022',33.0,970.09),
     (10138,'2003-07-07',496,'S24_2766',28.0,970.09),
     (10138,'2003-07-07',496,'S24_2887',30.0,970.09),
     (10138,'2003-07-07',496,'S24_3191',49.0,970.09),
     (10138,'2003-07-07',496,'S24_3432',21.0,970.09),
     (10138,'2003-07-07',496,'S24_3969',29.0,970.09),
     (10139,'2003-07-16',282,'S18_1342',31.0,714.16003),
     (10139,'2003-07-16',282,'S18_1367',49.0,714.16003),
     (10139,'2003-07-16',282,'S18_2795',41.0,714.16003);
INSERT INTO raw_layer.crm_orders (order_id,order_date,customer_id,product_id,quantity,sales) VALUES
     (10139,'2003-07-16',282,'S18_2949',46.0,714.16003),
     (10139,'2003-07-16',282,'S18_2957',20.0,714.16003),
     (10139,'2003-07-16',282,'S18_3136',20.0,714.16003),
     (10139,'2003-07-16',282,'S18_3320',30.0,714.16003),
     (10139,'2003-07-16',282,'S24_4258',29.0,714.16003),
     (10140,'2003-07-24',161,'S10_1949',37.0,1093.98),
     (10140,'2003-07-24',161,'S10_4962',26.0,1093.98),
     (10140,'2003-07-24',161,'S12_1666',38.0,1093.98),
     (10140,'2003-07-24',161,'S18_1097',32.0,1093.98),
     (10140,'2003-07-24',161,'S18_2432',46.0,1093.98);
INSERT INTO raw_layer.crm_orders (order_id,order_date,customer_id,product_id,quantity,sales) VALUES
     (10140,'2003-07-24',161,'S18_4600',40.0,1093.98),
     (10140,'2003-07-24',161,'S18_4668',29.0,1093.98),
     (10140,'2003-07-24',161,'S24_2300',47.0,1093.98),
     (10140,'2003-07-24',161,'S32_1268',26.0,1093.98),
     (10140,'2003-07-24',161,'S32_3522',28.0,1093.98),
     (10140,'2003-07-24',161,'S700_2824',36.0,1093.98),
     (10141,'2003-08-01',334,'S12_4473',21.0,857.52),
     (10141,'2003-08-01',334,'S18_2238',39.0,857.52),
     (10141,'2003-08-01',334,'S18_2319',47.0,857.52),
     (10141,'2003-08-01',334,'S18_3232',34.0,857.52);
INSERT INTO raw_layer.crm_orders (order_id,order_date,customer_id,product_id,quantity,sales) VALUES
     (10141,'2003-08-01',334,'S24_1444',20.0,857.52),
     (10141,'2003-08-01',334,'S24_2840',21.0,857.52),
     (10141,'2003-08-01',334,'S24_4048',40.0,857.52),
     (10141,'2003-08-01',334,'S32_2509',24.0,857.52),
     (10141,'2003-08-01',334,'S50_1392',44.0,857.52),
     (10142,'2003-08-08',124,'S12_1108',33.0,1570.77),
     (10142,'2003-08-08',124,'S12_3148',33.0,1570.77),
     (10142,'2003-08-08',124,'S12_3891',46.0,1570.77),
     (10142,'2003-08-08',124,'S18_3140',47.0,1570.77),
     (10142,'2003-08-08',124,'S18_3259',22.0,1570.77);
INSERT INTO raw_layer.crm_orders (order_id,order_date,customer_id,product_id,quantity,sales) VALUES
     (10142,'2003-08-08',124,'S18_4027',24.0,1570.77),
     (10142,'2003-08-08',124,'S18_4522',24.0,1570.77),
     (10142,'2003-08-08',124,'S24_2011',33.0,1570.77),
     (10142,'2003-08-08',124,'S24_3151',49.0,1570.77),
     (10142,'2003-08-08',124,'S32_3207',42.0,1570.77),
     (10142,'2003-08-08',124,'S50_1514',42.0,1570.77),
     (10142,'2003-08-08',124,'S700_1138',41.0,1570.77),
     (10142,'2003-08-08',124,'S700_1938',43.0,1570.77),
     (10142,'2003-08-08',124,'S700_3505',21.0,1570.77),
     (10142,'2003-08-08',124,'S700_3962',38.0,1570.77);
INSERT INTO raw_layer.crm_orders (order_id,order_date,customer_id,product_id,quantity,sales) VALUES
     (10142,'2003-08-08',124,'S72_3212',39.0,1570.77),
     (10143,'2003-08-10',320,'S10_4757',49.0,1227.49),
     (10143,'2003-08-10',320,'S18_1662',32.0,1227.49),
     (10143,'2003-08-10',320,'S18_3029',46.0,1227.49),
     (10143,'2003-08-10',320,'S18_3856',34.0,1227.49),
     (10143,'2003-08-10',320,'S24_2841',27.0,1227.49),
     (10143,'2003-08-10',320,'S24_3420',33.0,1227.49),
     (10143,'2003-08-10',320,'S24_3816',23.0,1227.49),
     (10143,'2003-08-10',320,'S24_3949',28.0,1227.49),
     (10143,'2003-08-10',320,'S50_1341',34.0,1227.49);
INSERT INTO raw_layer.crm_orders (order_id,order_date,customer_id,product_id,quantity,sales) VALUES
     (10143,'2003-08-10',320,'S700_1691',36.0,1227.49),
     (10143,'2003-08-10',320,'S700_2047',26.0,1227.49),
     (10143,'2003-08-10',320,'S700_2466',26.0,1227.49),
     (10143,'2003-08-10',320,'S700_2610',31.0,1227.49),
     (10143,'2003-08-10',320,'S700_3167',28.0,1227.49),
     (10143,'2003-08-10',320,'S700_4002',34.0,1227.49),
     (10143,'2003-08-10',320,'S72_1253',37.0,1227.49),
     (10144,'2003-08-13',381,'S32_4289',20.0,56.41),
     (10145,'2003-08-25',205,'S10_1678',45.0,1412.17),
     (10145,'2003-08-25',205,'S10_2016',37.0,1412.17);
INSERT INTO raw_layer.crm_orders (order_id,order_date,customer_id,product_id,quantity,sales) VALUES
     (10145,'2003-08-25',205,'S10_4698',33.0,1412.17),
     (10145,'2003-08-25',205,'S12_2823',49.0,1412.17),
     (10145,'2003-08-25',205,'S18_2581',30.0,1412.17),
     (10145,'2003-08-25',205,'S18_2625',30.0,1412.17),
     (10145,'2003-08-25',205,'S24_1578',43.0,1412.17),
     (10145,'2003-08-25',205,'S24_1785',40.0,1412.17),
     (10145,'2003-08-25',205,'S24_2000',47.0,1412.17),
     (10145,'2003-08-25',205,'S24_2360',27.0,1412.17),
     (10145,'2003-08-25',205,'S24_4278',33.0,1412.17),
     (10145,'2003-08-25',205,'S32_1374',33.0,1412.17);
INSERT INTO raw_layer.crm_orders (order_id,order_date,customer_id,product_id,quantity,sales) VALUES
     (10145,'2003-08-25',205,'S32_2206',31.0,1412.17),
     (10145,'2003-08-25',205,'S32_4485',27.0,1412.17),
     (10145,'2003-08-25',205,'S50_4713',38.0,1412.17),
     (10145,'2003-08-25',205,'S700_2834',20.0,1412.17),
     (10146,'2003-09-03',447,'S18_3782',47.0,191.24),
     (10146,'2003-09-03',447,'S18_4721',29.0,191.24),
     (10147,'2003-09-05',379,'S12_1099',48.0,997.5),
     (10147,'2003-09-05',379,'S12_3380',31.0,997.5),
     (10147,'2003-09-05',379,'S12_3990',21.0,997.5),
     (10147,'2003-09-05',379,'S12_4675',33.0,997.5);
INSERT INTO raw_layer.crm_orders (order_id,order_date,customer_id,product_id,quantity,sales) VALUES
     (10147,'2003-09-05',379,'S18_1889',26.0,997.5),
     (10147,'2003-09-05',379,'S18_3278',36.0,997.5),
     (10147,'2003-09-05',379,'S18_3482',37.0,997.5),
     (10147,'2003-09-05',379,'S24_2972',25.0,997.5),
     (10147,'2003-09-05',379,'S24_3371',30.0,997.5),
     (10147,'2003-09-05',379,'S24_3856',23.0,997.5),
     (10147,'2003-09-05',379,'S24_4620',31.0,997.5),
     (10148,'2003-09-11',276,'S18_1129',23.0,1374.9),
     (10148,'2003-09-11',276,'S18_1589',47.0,1374.9),
     (10148,'2003-09-11',276,'S18_1984',25.0,1374.9);
INSERT INTO raw_layer.crm_orders (order_id,order_date,customer_id,product_id,quantity,sales) VALUES
     (10148,'2003-09-11',276,'S18_2870',27.0,1374.9),
     (10148,'2003-09-11',276,'S18_3232',32.0,1374.9),
     (10148,'2003-09-11',276,'S18_3685',28.0,1374.9),
     (10148,'2003-09-11',276,'S18_4409',34.0,1374.9),
     (10148,'2003-09-11',276,'S18_4933',29.0,1374.9),
     (10148,'2003-09-11',276,'S24_1046',25.0,1374.9),
     (10148,'2003-09-11',276,'S24_1628',47.0,1374.9),
     (10148,'2003-09-11',276,'S24_2766',21.0,1374.9),
     (10148,'2003-09-11',276,'S24_2887',34.0,1374.9),
     (10148,'2003-09-11',276,'S24_3191',31.0,1374.9);
INSERT INTO raw_layer.crm_orders (order_id,order_date,customer_id,product_id,quantity,sales) VALUES
     (10148,'2003-09-11',276,'S24_3432',27.0,1374.9),
     (10149,'2003-09-12',487,'S18_1342',50.0,925.52),
     (10149,'2003-09-12',487,'S18_1367',30.0,925.52),
     (10149,'2003-09-12',487,'S18_1749',34.0,925.52),
     (10149,'2003-09-12',487,'S18_2248',24.0,925.52),
     (10149,'2003-09-12',487,'S18_2325',33.0,925.52),
     (10149,'2003-09-12',487,'S18_2795',23.0,925.52),
     (10149,'2003-09-12',487,'S18_3320',42.0,925.52),
     (10149,'2003-09-12',487,'S24_1937',36.0,925.52),
     (10149,'2003-09-12',487,'S24_2022',49.0,925.52);
INSERT INTO raw_layer.crm_orders (order_id,order_date,customer_id,product_id,quantity,sales) VALUES
     (10149,'2003-09-12',487,'S24_3969',26.0,925.52),
     (10149,'2003-09-12',487,'S24_4258',20.0,925.52),
     (10150,'2003-09-19',148,'S10_1949',45.0,1096.9),
     (10150,'2003-09-19',148,'S10_4962',20.0,1096.9),
     (10150,'2003-09-19',148,'S12_1666',30.0,1096.9),
     (10150,'2003-09-19',148,'S18_1097',34.0,1096.9),
     (10150,'2003-09-19',148,'S18_2949',47.0,1096.9),
     (10150,'2003-09-19',148,'S18_2957',30.0,1096.9),
     (10150,'2003-09-19',148,'S18_3136',26.0,1096.9),
     (10150,'2003-09-19',148,'S18_4600',49.0,1096.9);
INSERT INTO raw_layer.crm_orders (order_id,order_date,customer_id,product_id,quantity,sales) VALUES
     (10150,'2003-09-19',148,'S18_4668',30.0,1096.9),
     (10150,'2003-09-19',148,'S32_3522',49.0,1096.9),
     (10150,'2003-09-19',148,'S700_2824',20.0,1096.9),
     (10151,'2003-09-21',311,'S12_4473',24.0,976.08997),
     (10151,'2003-09-21',311,'S18_2238',43.0,976.08997),
     (10151,'2003-09-21',311,'S18_2319',49.0,976.08997),
     (10151,'2003-09-21',311,'S18_2432',39.0,976.08997),
     (10151,'2003-09-21',311,'S18_3232',21.0,976.08997),
     (10151,'2003-09-21',311,'S24_2300',42.0,976.08997),
     (10151,'2003-09-21',311,'S24_2840',30.0,976.08997);
INSERT INTO raw_layer.crm_orders (order_id,order_date,customer_id,product_id,quantity,sales) VALUES
     (10151,'2003-09-21',311,'S32_1268',27.0,976.08997),
     (10151,'2003-09-21',311,'S32_2509',41.0,976.08997),
     (10151,'2003-09-21',311,'S50_1392',26.0,976.08997),
     (10152,'2003-09-25',333,'S18_4027',35.0,336.44),
     (10152,'2003-09-25',333,'S24_1444',25.0,336.44),
     (10152,'2003-09-25',333,'S24_4048',23.0,336.44),
     (10152,'2003-09-25',333,'S32_3207',33.0,336.44),
     (10153,'2003-09-28',141,'S12_1108',20.0,1304.68),
     (10153,'2003-09-28',141,'S12_3148',42.0,1304.68),
     (10153,'2003-09-28',141,'S12_3891',49.0,1304.68);
INSERT INTO raw_layer.crm_orders (order_id,order_date,customer_id,product_id,quantity,sales) VALUES
     (10153,'2003-09-28',141,'S18_3140',31.0,1304.68),
     (10153,'2003-09-28',141,'S18_3259',29.0,1304.68),
     (10153,'2003-09-28',141,'S18_4522',22.0,1304.68),
     (10153,'2003-09-28',141,'S24_2011',40.0,1304.68),
     (10153,'2003-09-28',141,'S50_1514',31.0,1304.68),
     (10153,'2003-09-28',141,'S700_1138',43.0,1304.68),
     (10153,'2003-09-28',141,'S700_1938',31.0,1304.68),
     (10153,'2003-09-28',141,'S700_3505',50.0,1304.68),
     (10153,'2003-09-28',141,'S700_3962',20.0,1304.68),
     (10153,'2003-09-28',141,'S72_3212',50.0,1304.68);
INSERT INTO raw_layer.crm_orders (order_id,order_date,customer_id,product_id,quantity,sales) VALUES
     (10154,'2003-10-02',219,'S24_3151',31.0,134.5),
     (10154,'2003-10-02',219,'S700_2610',36.0,134.5),
     (10155,'2003-10-06',186,'S10_4757',32.0,1084.8201),
     (10155,'2003-10-06',186,'S18_1662',38.0,1084.8201),
     (10155,'2003-10-06',186,'S18_3029',44.0,1084.8201),
     (10155,'2003-10-06',186,'S18_3856',29.0,1084.8201),
     (10155,'2003-10-06',186,'S24_2841',23.0,1084.8201),
     (10155,'2003-10-06',186,'S24_3420',34.0,1084.8201),
     (10155,'2003-10-06',186,'S24_3816',37.0,1084.8201),
     (10155,'2003-10-06',186,'S24_3949',44.0,1084.8201);
INSERT INTO raw_layer.crm_orders (order_id,order_date,customer_id,product_id,quantity,sales) VALUES
     (10155,'2003-10-06',186,'S700_2047',32.0,1084.8201),
     (10155,'2003-10-06',186,'S700_2466',20.0,1084.8201),
     (10155,'2003-10-06',186,'S700_3167',43.0,1084.8201),
     (10155,'2003-10-06',186,'S700_4002',44.0,1084.8201),
     (10155,'2003-10-06',186,'S72_1253',34.0,1084.8201),
     (10156,'2003-10-08',141,'S50_1341',20.0,121.28),
     (10156,'2003-10-08',141,'S700_1691',48.0,121.28),
     (10157,'2003-10-09',473,'S18_2581',33.0,475.12),
     (10157,'2003-10-09',473,'S24_1785',40.0,475.12),
     (10157,'2003-10-09',473,'S24_4278',33.0,475.12);
INSERT INTO raw_layer.crm_orders (order_id,order_date,customer_id,product_id,quantity,sales) VALUES
     (10157,'2003-10-09',473,'S32_1374',34.0,475.12),
     (10157,'2003-10-09',473,'S32_4289',28.0,475.12),
     (10157,'2003-10-09',473,'S700_2834',48.0,475.12),
     (10158,'2003-10-10',121,'S24_2000',22.0,67.79),
     (10159,'2003-10-10',321,'S10_1678',49.0,1687.0),
     (10159,'2003-10-10',321,'S10_2016',37.0,1687.0),
     (10159,'2003-10-10',321,'S10_4698',22.0,1687.0),
     (10159,'2003-10-10',321,'S12_1099',41.0,1687.0),
     (10159,'2003-10-10',321,'S12_2823',38.0,1687.0),
     (10159,'2003-10-10',321,'S12_3990',24.0,1687.0);
INSERT INTO raw_layer.crm_orders (order_id,order_date,customer_id,product_id,quantity,sales) VALUES
     (10159,'2003-10-10',321,'S18_2625',42.0,1687.0),
     (10159,'2003-10-10',321,'S18_3278',21.0,1687.0),
     (10159,'2003-10-10',321,'S18_3482',25.0,1687.0),
     (10159,'2003-10-10',321,'S18_3782',21.0,1687.0),
     (10159,'2003-10-10',321,'S18_4721',32.0,1687.0),
     (10159,'2003-10-10',321,'S24_1578',44.0,1687.0),
     (10159,'2003-10-10',321,'S24_2360',27.0,1687.0),
     (10159,'2003-10-10',321,'S24_3371',50.0,1687.0),
     (10159,'2003-10-10',321,'S24_4620',23.0,1687.0),
     (10159,'2003-10-10',321,'S32_2206',35.0,1687.0);
INSERT INTO raw_layer.crm_orders (order_id,order_date,customer_id,product_id,quantity,sales) VALUES
     (10159,'2003-10-10',321,'S32_4485',23.0,1687.0),
     (10159,'2003-10-10',321,'S50_4713',31.0,1687.0),
     (10160,'2003-10-11',347,'S12_3380',46.0,562.16003),
     (10160,'2003-10-11',347,'S12_4675',50.0,562.16003),
     (10160,'2003-10-11',347,'S18_1889',38.0,562.16003),
     (10160,'2003-10-11',347,'S18_3232',20.0,562.16003),
     (10160,'2003-10-11',347,'S24_2972',42.0,562.16003),
     (10160,'2003-10-11',347,'S24_3856',35.0,562.16003),
     (10161,'2003-10-17',227,'S18_1129',28.0,1162.6),
     (10161,'2003-10-17',227,'S18_1589',43.0,1162.6);
INSERT INTO raw_layer.crm_orders (order_id,order_date,customer_id,product_id,quantity,sales) VALUES
     (10161,'2003-10-17',227,'S18_1984',48.0,1162.6),
     (10161,'2003-10-17',227,'S18_2870',23.0,1162.6),
     (10161,'2003-10-17',227,'S18_3685',36.0,1162.6),
     (10161,'2003-10-17',227,'S18_4933',25.0,1162.6),
     (10161,'2003-10-17',227,'S24_1046',37.0,1162.6),
     (10161,'2003-10-17',227,'S24_1628',23.0,1162.6),
     (10161,'2003-10-17',227,'S24_2766',20.0,1162.6),
     (10161,'2003-10-17',227,'S24_2887',25.0,1162.6),
     (10161,'2003-10-17',227,'S24_3191',20.0,1162.6),
     (10161,'2003-10-17',227,'S24_3432',30.0,1162.6);
INSERT INTO raw_layer.crm_orders (order_id,order_date,customer_id,product_id,quantity,sales) VALUES
     (10162,'2003-10-18',321,'S18_1342',48.0,782.94),
     (10162,'2003-10-18',321,'S18_1367',45.0,782.94),
     (10162,'2003-10-18',321,'S18_1749',29.0,782.94),
     (10162,'2003-10-18',321,'S18_2248',27.0,782.94),
     (10162,'2003-10-18',321,'S18_2325',38.0,782.94),
     (10162,'2003-10-18',321,'S18_2795',48.0,782.94),
     (10162,'2003-10-18',321,'S18_4409',39.0,782.94),
     (10162,'2003-10-18',321,'S24_1937',37.0,782.94),
     (10162,'2003-10-18',321,'S24_2022',43.0,782.94),
     (10162,'2003-10-18',321,'S24_3969',37.0,782.94);
INSERT INTO raw_layer.crm_orders (order_id,order_date,customer_id,product_id,quantity,sales) VALUES
     (10163,'2003-10-20',424,'S10_1949',21.0,651.79),
     (10163,'2003-10-20',424,'S18_2949',31.0,651.79),
     (10163,'2003-10-20',424,'S18_2957',48.0,651.79),
     (10163,'2003-10-20',424,'S18_3136',40.0,651.79),
     (10163,'2003-10-20',424,'S18_3320',43.0,651.79),
     (10163,'2003-10-20',424,'S24_4258',42.0,651.79),
     (10164,'2003-10-21',452,'S10_4962',21.0,758.85),
     (10164,'2003-10-21',452,'S12_1666',49.0,758.85),
     (10164,'2003-10-21',452,'S18_1097',36.0,758.85),
     (10164,'2003-10-21',452,'S18_4600',45.0,758.85);
INSERT INTO raw_layer.crm_orders (order_id,order_date,customer_id,product_id,quantity,sales) VALUES
     (10164,'2003-10-21',452,'S18_4668',25.0,758.85),
     (10164,'2003-10-21',452,'S32_1268',24.0,758.85),
     (10164,'2003-10-21',452,'S32_3522',49.0,758.85),
     (10164,'2003-10-21',452,'S700_2824',39.0,758.85),
     (10165,'2003-10-22',148,'S12_1108',44.0,1794.94),
     (10165,'2003-10-22',148,'S12_3148',34.0,1794.94),
     (10165,'2003-10-22',148,'S12_3891',27.0,1794.94),
     (10165,'2003-10-22',148,'S12_4473',48.0,1794.94),
     (10165,'2003-10-22',148,'S18_2238',29.0,1794.94),
     (10165,'2003-10-22',148,'S18_2319',46.0,1794.94);
INSERT INTO raw_layer.crm_orders (order_id,order_date,customer_id,product_id,quantity,sales) VALUES
     (10165,'2003-10-22',148,'S18_2432',31.0,1794.94),
     (10165,'2003-10-22',148,'S18_3232',47.0,1794.94),
     (10165,'2003-10-22',148,'S18_3259',50.0,1794.94),
     (10165,'2003-10-22',148,'S18_4027',28.0,1794.94),
     (10165,'2003-10-22',148,'S24_1444',25.0,1794.94),
     (10165,'2003-10-22',148,'S24_2300',32.0,1794.94),
     (10165,'2003-10-22',148,'S24_2840',27.0,1794.94),
     (10165,'2003-10-22',148,'S24_4048',24.0,1794.94),
     (10165,'2003-10-22',148,'S32_2509',48.0,1794.94),
     (10165,'2003-10-22',148,'S32_3207',44.0,1794.94);
INSERT INTO raw_layer.crm_orders (order_id,order_date,customer_id,product_id,quantity,sales) VALUES
     (10165,'2003-10-22',148,'S50_1392',48.0,1794.94),
     (10165,'2003-10-22',148,'S50_1514',38.0,1794.94),
     (10166,'2003-10-21',462,'S18_3140',43.0,285.66),
     (10166,'2003-10-21',462,'S18_4522',26.0,285.66),
     (10166,'2003-10-21',462,'S700_1938',29.0,285.66),
     (10167,'2003-10-23',448,'S10_4757',44.0,1271.62),
     (10167,'2003-10-23',448,'S18_1662',43.0,1271.62),
     (10167,'2003-10-23',448,'S18_3029',46.0,1271.62),
     (10167,'2003-10-23',448,'S18_3856',34.0,1271.62),
     (10167,'2003-10-23',448,'S24_2011',33.0,1271.62);
INSERT INTO raw_layer.crm_orders (order_id,order_date,customer_id,product_id,quantity,sales) VALUES
     (10167,'2003-10-23',448,'S24_2841',21.0,1271.62),
     (10167,'2003-10-23',448,'S24_3151',20.0,1271.62),
     (10167,'2003-10-23',448,'S24_3420',32.0,1271.62),
     (10167,'2003-10-23',448,'S24_3816',29.0,1271.62),
     (10167,'2003-10-23',448,'S700_1138',43.0,1271.62),
     (10167,'2003-10-23',448,'S700_2047',29.0,1271.62),
     (10167,'2003-10-23',448,'S700_2610',46.0,1271.62),
     (10167,'2003-10-23',448,'S700_3505',24.0,1271.62),
     (10167,'2003-10-23',448,'S700_3962',28.0,1271.62),
     (10167,'2003-10-23',448,'S72_1253',40.0,1271.62);
INSERT INTO raw_layer.crm_orders (order_id,order_date,customer_id,product_id,quantity,sales) VALUES
     (10167,'2003-10-23',448,'S72_3212',38.0,1271.62),
     (10168,'2003-10-28',161,'S10_1678',36.0,1472.5),
     (10168,'2003-10-28',161,'S10_2016',27.0,1472.5),
     (10168,'2003-10-28',161,'S10_4698',20.0,1472.5),
     (10168,'2003-10-28',161,'S18_2581',21.0,1472.5),
     (10168,'2003-10-28',161,'S18_2625',46.0,1472.5),
     (10168,'2003-10-28',161,'S24_1578',50.0,1472.5),
     (10168,'2003-10-28',161,'S24_1785',49.0,1472.5),
     (10168,'2003-10-28',161,'S24_2000',29.0,1472.5),
     (10168,'2003-10-28',161,'S24_3949',27.0,1472.5);
INSERT INTO raw_layer.crm_orders (order_id,order_date,customer_id,product_id,quantity,sales) VALUES
     (10168,'2003-10-28',161,'S24_4278',48.0,1472.5),
     (10168,'2003-10-28',161,'S32_1374',28.0,1472.5),
     (10168,'2003-10-28',161,'S32_4289',31.0,1472.5),
     (10168,'2003-10-28',161,'S50_1341',48.0,1472.5),
     (10168,'2003-10-28',161,'S700_1691',28.0,1472.5),
     (10168,'2003-10-28',161,'S700_2466',31.0,1472.5),
     (10168,'2003-10-28',161,'S700_2834',36.0,1472.5),
     (10168,'2003-10-28',161,'S700_3167',48.0,1472.5),
     (10168,'2003-10-28',161,'S700_4002',39.0,1472.5),
     (10169,'2003-11-04',276,'S12_1099',30.0,1130.7);
INSERT INTO raw_layer.crm_orders (order_id,order_date,customer_id,product_id,quantity,sales) VALUES
     (10169,'2003-11-04',276,'S12_2823',35.0,1130.7),
     (10169,'2003-11-04',276,'S12_3990',36.0,1130.7),
     (10169,'2003-11-04',276,'S18_3278',32.0,1130.7),
     (10169,'2003-11-04',276,'S18_3482',36.0,1130.7),
     (10169,'2003-11-04',276,'S18_3782',38.0,1130.7),
     (10169,'2003-11-04',276,'S18_4721',33.0,1130.7),
     (10169,'2003-11-04',276,'S24_2360',38.0,1130.7),
     (10169,'2003-11-04',276,'S24_3371',34.0,1130.7),
     (10169,'2003-11-04',276,'S24_4620',24.0,1130.7),
     (10169,'2003-11-04',276,'S32_2206',26.0,1130.7);
INSERT INTO raw_layer.crm_orders (order_id,order_date,customer_id,product_id,quantity,sales) VALUES
     (10169,'2003-11-04',276,'S32_4485',34.0,1130.7),
     (10169,'2003-11-04',276,'S50_4713',48.0,1130.7),
     (10170,'2003-11-04',452,'S12_3380',47.0,410.22),
     (10170,'2003-11-04',452,'S12_4675',41.0,410.22),
     (10170,'2003-11-04',452,'S18_1889',20.0,410.22),
     (10170,'2003-11-04',452,'S24_3856',34.0,410.22),
     (10171,'2003-11-05',233,'S18_1129',35.0,463.18),
     (10171,'2003-11-05',233,'S18_1984',35.0,463.18),
     (10171,'2003-11-05',233,'S18_3232',39.0,463.18),
     (10171,'2003-11-05',233,'S24_2972',36.0,463.18);
INSERT INTO raw_layer.crm_orders (order_id,order_date,customer_id,product_id,quantity,sales) VALUES
     (10172,'2003-11-05',175,'S18_1589',42.0,716.82),
     (10172,'2003-11-05',175,'S18_2870',39.0,716.82),
     (10172,'2003-11-05',175,'S18_3685',48.0,716.82),
     (10172,'2003-11-05',175,'S24_1046',32.0,716.82),
     (10172,'2003-11-05',175,'S24_1628',34.0,716.82),
     (10172,'2003-11-05',175,'S24_2766',22.0,716.82),
     (10172,'2003-11-05',175,'S24_3191',24.0,716.82),
     (10172,'2003-11-05',175,'S24_3432',22.0,716.82),
     (10173,'2003-11-05',278,'S18_1342',43.0,1310.96),
     (10173,'2003-11-05',278,'S18_1367',48.0,1310.96);
INSERT INTO raw_layer.crm_orders (order_id,order_date,customer_id,product_id,quantity,sales) VALUES
     (10173,'2003-11-05',278,'S18_1749',24.0,1310.96),
     (10173,'2003-11-05',278,'S18_2248',26.0,1310.96),
     (10173,'2003-11-05',278,'S18_2325',31.0,1310.96),
     (10173,'2003-11-05',278,'S18_2795',22.0,1310.96),
     (10173,'2003-11-05',278,'S18_2957',28.0,1310.96),
     (10173,'2003-11-05',278,'S18_3136',31.0,1310.96),
     (10173,'2003-11-05',278,'S18_3320',29.0,1310.96),
     (10173,'2003-11-05',278,'S18_4409',21.0,1310.96),
     (10173,'2003-11-05',278,'S18_4933',39.0,1310.96),
     (10173,'2003-11-05',278,'S24_1937',31.0,1310.96);
INSERT INTO raw_layer.crm_orders (order_id,order_date,customer_id,product_id,quantity,sales) VALUES
     (10173,'2003-11-05',278,'S24_2022',27.0,1310.96),
     (10173,'2003-11-05',278,'S24_2887',23.0,1310.96),
     (10173,'2003-11-05',278,'S24_3969',35.0,1310.96),
     (10173,'2003-11-05',278,'S24_4258',22.0,1310.96),
     (10174,'2003-11-06',333,'S10_1949',34.0,574.38),
     (10174,'2003-11-06',333,'S12_1666',43.0,574.38),
     (10174,'2003-11-06',333,'S18_1097',48.0,574.38),
     (10174,'2003-11-06',333,'S18_2949',46.0,574.38),
     (10174,'2003-11-06',333,'S18_4668',49.0,574.38),
     (10175,'2003-11-06',324,'S10_4962',33.0,1074.91);
INSERT INTO raw_layer.crm_orders (order_id,order_date,customer_id,product_id,quantity,sales) VALUES
     (10175,'2003-11-06',324,'S12_4473',26.0,1074.91),
     (10175,'2003-11-06',324,'S18_2319',48.0,1074.91),
     (10175,'2003-11-06',324,'S18_2432',41.0,1074.91),
     (10175,'2003-11-06',324,'S18_3232',29.0,1074.91),
     (10175,'2003-11-06',324,'S18_4600',47.0,1074.91),
     (10175,'2003-11-06',324,'S24_2300',28.0,1074.91),
     (10175,'2003-11-06',324,'S24_2840',37.0,1074.91),
     (10175,'2003-11-06',324,'S32_1268',22.0,1074.91),
     (10175,'2003-11-06',324,'S32_2509',50.0,1074.91),
     (10175,'2003-11-06',324,'S32_3522',29.0,1074.91);
INSERT INTO raw_layer.crm_orders (order_id,order_date,customer_id,product_id,quantity,sales) VALUES
     (10175,'2003-11-06',324,'S700_2824',42.0,1074.91),
     (10176,'2003-11-06',386,'S12_1108',33.0,1133.56),
     (10176,'2003-11-06',386,'S12_3148',47.0,1133.56),
     (10176,'2003-11-06',386,'S12_3891',50.0,1133.56),
     (10176,'2003-11-06',386,'S18_2238',20.0,1133.56),
     (10176,'2003-11-06',386,'S18_4027',36.0,1133.56),
     (10176,'2003-11-06',386,'S24_1444',27.0,1133.56),
     (10176,'2003-11-06',386,'S24_4048',29.0,1133.56),
     (10176,'2003-11-06',386,'S32_3207',22.0,1133.56),
     (10176,'2003-11-06',386,'S50_1392',23.0,1133.56);
INSERT INTO raw_layer.crm_orders (order_id,order_date,customer_id,product_id,quantity,sales) VALUES
     (10176,'2003-11-06',386,'S50_1514',38.0,1133.56),
     (10177,'2003-11-07',344,'S18_3140',23.0,909.3),
     (10177,'2003-11-07',344,'S18_3259',29.0,909.3),
     (10177,'2003-11-07',344,'S18_4522',35.0,909.3),
     (10177,'2003-11-07',344,'S24_2011',50.0,909.3),
     (10177,'2003-11-07',344,'S24_3151',45.0,909.3),
     (10177,'2003-11-07',344,'S700_1138',24.0,909.3),
     (10177,'2003-11-07',344,'S700_1938',31.0,909.3),
     (10177,'2003-11-07',344,'S700_2610',32.0,909.3),
     (10177,'2003-11-07',344,'S700_3505',44.0,909.3);
INSERT INTO raw_layer.crm_orders (order_id,order_date,customer_id,product_id,quantity,sales) VALUES
     (10177,'2003-11-07',344,'S700_3962',24.0,909.3),
     (10177,'2003-11-07',344,'S72_3212',40.0,909.3),
     (10178,'2003-11-08',242,'S10_4757',24.0,989.95),
     (10178,'2003-11-08',242,'S18_1662',42.0,989.95),
     (10178,'2003-11-08',242,'S18_3029',41.0,989.95),
     (10178,'2003-11-08',242,'S18_3856',48.0,989.95),
     (10178,'2003-11-08',242,'S24_2841',34.0,989.95),
     (10178,'2003-11-08',242,'S24_3420',27.0,989.95),
     (10178,'2003-11-08',242,'S24_3816',21.0,989.95),
     (10178,'2003-11-08',242,'S24_3949',30.0,989.95);
INSERT INTO raw_layer.crm_orders (order_id,order_date,customer_id,product_id,quantity,sales) VALUES
     (10178,'2003-11-08',242,'S700_2047',34.0,989.95),
     (10178,'2003-11-08',242,'S700_2466',22.0,989.95),
     (10178,'2003-11-08',242,'S700_4002',45.0,989.95),
     (10178,'2003-11-08',242,'S72_1253',45.0,989.95),
     (10179,'2003-11-11',496,'S18_2581',24.0,702.84),
     (10179,'2003-11-11',496,'S24_1785',47.0,702.84),
     (10179,'2003-11-11',496,'S24_4278',27.0,702.84),
     (10179,'2003-11-11',496,'S32_1374',45.0,702.84),
     (10179,'2003-11-11',496,'S32_4289',24.0,702.84),
     (10179,'2003-11-11',496,'S50_1341',34.0,702.84);
INSERT INTO raw_layer.crm_orders (order_id,order_date,customer_id,product_id,quantity,sales) VALUES
     (10179,'2003-11-11',496,'S700_1691',23.0,702.84),
     (10179,'2003-11-11',496,'S700_2834',25.0,702.84),
     (10179,'2003-11-11',496,'S700_3167',39.0,702.84),
     (10180,'2003-11-11',171,'S10_1678',29.0,1226.65),
     (10180,'2003-11-11',171,'S10_2016',42.0,1226.65),
     (10180,'2003-11-11',171,'S10_4698',41.0,1226.65),
     (10180,'2003-11-11',171,'S12_2823',40.0,1226.65),
     (10180,'2003-11-11',171,'S18_2625',25.0,1226.65),
     (10180,'2003-11-11',171,'S18_3782',21.0,1226.65),
     (10180,'2003-11-11',171,'S18_4721',44.0,1226.65);
INSERT INTO raw_layer.crm_orders (order_id,order_date,customer_id,product_id,quantity,sales) VALUES
     (10180,'2003-11-11',171,'S24_1578',48.0,1226.65),
     (10180,'2003-11-11',171,'S24_2000',28.0,1226.65),
     (10180,'2003-11-11',171,'S24_2360',35.0,1226.65),
     (10180,'2003-11-11',171,'S24_4620',28.0,1226.65),
     (10180,'2003-11-11',171,'S32_2206',34.0,1226.65),
     (10180,'2003-11-11',171,'S32_4485',22.0,1226.65),
     (10180,'2003-11-11',171,'S50_4713',21.0,1226.65),
     (10181,'2003-11-12',167,'S12_1099',27.0,1760.39),
     (10181,'2003-11-12',167,'S12_3380',28.0,1760.39),
     (10181,'2003-11-12',167,'S12_3990',20.0,1760.39);
INSERT INTO raw_layer.crm_orders (order_id,order_date,customer_id,product_id,quantity,sales) VALUES
     (10181,'2003-11-12',167,'S12_4675',36.0,1760.39),
     (10181,'2003-11-12',167,'S18_1129',44.0,1760.39),
     (10181,'2003-11-12',167,'S18_1589',42.0,1760.39),
     (10181,'2003-11-12',167,'S18_1889',22.0,1760.39),
     (10181,'2003-11-12',167,'S18_1984',21.0,1760.39),
     (10181,'2003-11-12',167,'S18_2870',27.0,1760.39),
     (10181,'2003-11-12',167,'S18_3232',45.0,1760.39),
     (10181,'2003-11-12',167,'S18_3278',30.0,1760.39),
     (10181,'2003-11-12',167,'S18_3482',22.0,1760.39),
     (10181,'2003-11-12',167,'S18_3685',39.0,1760.39);
INSERT INTO raw_layer.crm_orders (order_id,order_date,customer_id,product_id,quantity,sales) VALUES
     (10181,'2003-11-12',167,'S24_1628',34.0,1760.39),
     (10181,'2003-11-12',167,'S24_2972',37.0,1760.39),
     (10181,'2003-11-12',167,'S24_3371',23.0,1760.39),
     (10181,'2003-11-12',167,'S24_3856',25.0,1760.39),
     (10182,'2003-11-12',124,'S18_1342',25.0,1360.43),
     (10182,'2003-11-12',124,'S18_1367',32.0,1360.43),
     (10182,'2003-11-12',124,'S18_1749',44.0,1360.43),
     (10182,'2003-11-12',124,'S18_2248',38.0,1360.43),
     (10182,'2003-11-12',124,'S18_2325',20.0,1360.43),
     (10182,'2003-11-12',124,'S18_2795',21.0,1360.43);
INSERT INTO raw_layer.crm_orders (order_id,order_date,customer_id,product_id,quantity,sales) VALUES
     (10182,'2003-11-12',124,'S18_3320',33.0,1360.43),
     (10182,'2003-11-12',124,'S18_4409',36.0,1360.43),
     (10182,'2003-11-12',124,'S18_4933',44.0,1360.43),
     (10182,'2003-11-12',124,'S24_1046',47.0,1360.43),
     (10182,'2003-11-12',124,'S24_1937',39.0,1360.43),
     (10182,'2003-11-12',124,'S24_2022',31.0,1360.43),
     (10182,'2003-11-12',124,'S24_2766',36.0,1360.43),
     (10182,'2003-11-12',124,'S24_2887',20.0,1360.43),
     (10182,'2003-11-12',124,'S24_3191',33.0,1360.43),
     (10182,'2003-11-12',124,'S24_3432',49.0,1360.43);
INSERT INTO raw_layer.crm_orders (order_id,order_date,customer_id,product_id,quantity,sales) VALUES
     (10182,'2003-11-12',124,'S24_3969',23.0,1360.43),
     (10183,'2003-11-13',339,'S10_1949',23.0,1143.9),
     (10183,'2003-11-13',339,'S10_4962',28.0,1143.9),
     (10183,'2003-11-13',339,'S12_1666',41.0,1143.9),
     (10183,'2003-11-13',339,'S18_1097',21.0,1143.9),
     (10183,'2003-11-13',339,'S18_2949',37.0,1143.9),
     (10183,'2003-11-13',339,'S18_2957',39.0,1143.9),
     (10183,'2003-11-13',339,'S18_3136',22.0,1143.9),
     (10183,'2003-11-13',339,'S18_4600',21.0,1143.9),
     (10183,'2003-11-13',339,'S18_4668',40.0,1143.9);
INSERT INTO raw_layer.crm_orders (order_id,order_date,customer_id,product_id,quantity,sales) VALUES
     (10183,'2003-11-13',339,'S24_4258',47.0,1143.9),
     (10183,'2003-11-13',339,'S32_3522',49.0,1143.9),
     (10183,'2003-11-13',339,'S700_2824',23.0,1143.9),
     (10184,'2003-11-14',484,'S12_4473',37.0,1205.41),
     (10184,'2003-11-14',484,'S18_2238',46.0,1205.41),
     (10184,'2003-11-14',484,'S18_2319',46.0,1205.41),
     (10184,'2003-11-14',484,'S18_2432',44.0,1205.41),
     (10184,'2003-11-14',484,'S18_3232',28.0,1205.41),
     (10184,'2003-11-14',484,'S24_1444',31.0,1205.41),
     (10184,'2003-11-14',484,'S24_2300',24.0,1205.41);
INSERT INTO raw_layer.crm_orders (order_id,order_date,customer_id,product_id,quantity,sales) VALUES
     (10184,'2003-11-14',484,'S24_2840',42.0,1205.41),
     (10184,'2003-11-14',484,'S24_4048',49.0,1205.41),
     (10184,'2003-11-14',484,'S32_1268',46.0,1205.41),
     (10184,'2003-11-14',484,'S32_2509',33.0,1205.41),
     (10184,'2003-11-14',484,'S32_3207',48.0,1205.41),
     (10184,'2003-11-14',484,'S50_1392',45.0,1205.41),
     (10185,'2003-11-14',320,'S12_1108',21.0,1605.1901),
     (10185,'2003-11-14',320,'S12_3148',33.0,1605.1901),
     (10185,'2003-11-14',320,'S12_3891',43.0,1605.1901),
     (10185,'2003-11-14',320,'S18_3140',28.0,1605.1901);
INSERT INTO raw_layer.crm_orders (order_id,order_date,customer_id,product_id,quantity,sales) VALUES
     (10185,'2003-11-14',320,'S18_3259',49.0,1605.1901),
     (10185,'2003-11-14',320,'S18_4027',39.0,1605.1901),
     (10185,'2003-11-14',320,'S18_4522',47.0,1605.1901),
     (10185,'2003-11-14',320,'S24_2011',30.0,1605.1901),
     (10185,'2003-11-14',320,'S24_3151',33.0,1605.1901),
     (10185,'2003-11-14',320,'S50_1514',20.0,1605.1901),
     (10185,'2003-11-14',320,'S700_1138',21.0,1605.1901),
     (10185,'2003-11-14',320,'S700_1938',30.0,1605.1901),
     (10185,'2003-11-14',320,'S700_2610',39.0,1605.1901),
     (10185,'2003-11-14',320,'S700_3505',37.0,1605.1901);
INSERT INTO raw_layer.crm_orders (order_id,order_date,customer_id,product_id,quantity,sales) VALUES
     (10185,'2003-11-14',320,'S700_3962',22.0,1605.1901),
     (10185,'2003-11-14',320,'S72_3212',28.0,1605.1901),
     (10186,'2003-11-14',489,'S10_4757',26.0,729.73),
     (10186,'2003-11-14',489,'S18_1662',32.0,729.73),
     (10186,'2003-11-14',489,'S18_3029',32.0,729.73),
     (10186,'2003-11-14',489,'S18_3856',46.0,729.73),
     (10186,'2003-11-14',489,'S24_2841',22.0,729.73),
     (10186,'2003-11-14',489,'S24_3420',21.0,729.73),
     (10186,'2003-11-14',489,'S24_3816',36.0,729.73),
     (10186,'2003-11-14',489,'S700_2047',24.0,729.73);
INSERT INTO raw_layer.crm_orders (order_id,order_date,customer_id,product_id,quantity,sales) VALUES
     (10186,'2003-11-14',489,'S72_1253',28.0,729.73),
     (10187,'2003-11-15',211,'S18_2581',45.0,710.79004),
     (10187,'2003-11-15',211,'S24_1785',46.0,710.79004),
     (10187,'2003-11-15',211,'S24_3949',43.0,710.79004),
     (10187,'2003-11-15',211,'S24_4278',33.0,710.79004),
     (10187,'2003-11-15',211,'S32_4289',31.0,710.79004),
     (10187,'2003-11-15',211,'S50_1341',41.0,710.79004),
     (10187,'2003-11-15',211,'S700_1691',34.0,710.79004),
     (10187,'2003-11-15',211,'S700_2466',44.0,710.79004),
     (10187,'2003-11-15',211,'S700_3167',34.0,710.79004);
INSERT INTO raw_layer.crm_orders (order_id,order_date,customer_id,product_id,quantity,sales) VALUES
     (10187,'2003-11-15',211,'S700_4002',44.0,710.79004),
     (10188,'2003-11-18',167,'S10_1678',48.0,777.15),
     (10188,'2003-11-18',167,'S10_2016',38.0,777.15),
     (10188,'2003-11-18',167,'S10_4698',45.0,777.15),
     (10188,'2003-11-18',167,'S18_2625',32.0,777.15),
     (10188,'2003-11-18',167,'S24_1578',25.0,777.15),
     (10188,'2003-11-18',167,'S24_2000',40.0,777.15),
     (10188,'2003-11-18',167,'S32_1374',44.0,777.15),
     (10188,'2003-11-18',167,'S700_2834',29.0,777.15),
     (10189,'2003-11-18',205,'S12_2823',28.0,138.57);
INSERT INTO raw_layer.crm_orders (order_id,order_date,customer_id,product_id,quantity,sales) VALUES
     (10190,'2003-11-19',141,'S24_2360',42.0,254.82),
     (10190,'2003-11-19',141,'S32_2206',46.0,254.82),
     (10190,'2003-11-19',141,'S32_4485',42.0,254.82),
     (10190,'2003-11-19',141,'S50_4713',40.0,254.82),
     (10191,'2003-11-20',259,'S12_1099',21.0,853.76),
     (10191,'2003-11-20',259,'S12_3380',40.0,853.76),
     (10191,'2003-11-20',259,'S12_3990',30.0,853.76),
     (10191,'2003-11-20',259,'S18_3278',36.0,853.76),
     (10191,'2003-11-20',259,'S18_3482',23.0,853.76),
     (10191,'2003-11-20',259,'S18_3782',43.0,853.76);
INSERT INTO raw_layer.crm_orders (order_id,order_date,customer_id,product_id,quantity,sales) VALUES
     (10191,'2003-11-20',259,'S18_4721',32.0,853.76),
     (10191,'2003-11-20',259,'S24_3371',48.0,853.76),
     (10191,'2003-11-20',259,'S24_4620',44.0,853.76),
     (10192,'2003-11-20',363,'S12_4675',27.0,1541.08),
     (10192,'2003-11-20',363,'S18_1129',22.0,1541.08),
     (10192,'2003-11-20',363,'S18_1589',29.0,1541.08),
     (10192,'2003-11-20',363,'S18_1889',45.0,1541.08),
     (10192,'2003-11-20',363,'S18_1984',47.0,1541.08),
     (10192,'2003-11-20',363,'S18_2870',38.0,1541.08),
     (10192,'2003-11-20',363,'S18_3232',26.0,1541.08);
INSERT INTO raw_layer.crm_orders (order_id,order_date,customer_id,product_id,quantity,sales) VALUES
     (10192,'2003-11-20',363,'S18_3685',45.0,1541.08),
     (10192,'2003-11-20',363,'S24_1046',37.0,1541.08),
     (10192,'2003-11-20',363,'S24_1628',47.0,1541.08),
     (10192,'2003-11-20',363,'S24_2766',46.0,1541.08),
     (10192,'2003-11-20',363,'S24_2887',23.0,1541.08),
     (10192,'2003-11-20',363,'S24_2972',30.0,1541.08),
     (10192,'2003-11-20',363,'S24_3191',32.0,1541.08),
     (10192,'2003-11-20',363,'S24_3432',46.0,1541.08),
     (10192,'2003-11-20',363,'S24_3856',45.0,1541.08),
     (10193,'2003-11-21',471,'S18_1342',28.0,1294.46);
INSERT INTO raw_layer.crm_orders (order_id,order_date,customer_id,product_id,quantity,sales) VALUES
     (10193,'2003-11-21',471,'S18_1367',46.0,1294.46),
     (10193,'2003-11-21',471,'S18_1749',21.0,1294.46),
     (10193,'2003-11-21',471,'S18_2248',42.0,1294.46),
     (10193,'2003-11-21',471,'S18_2325',44.0,1294.46),
     (10193,'2003-11-21',471,'S18_2795',22.0,1294.46),
     (10193,'2003-11-21',471,'S18_2949',28.0,1294.46),
     (10193,'2003-11-21',471,'S18_2957',24.0,1294.46),
     (10193,'2003-11-21',471,'S18_3136',23.0,1294.46),
     (10193,'2003-11-21',471,'S18_3320',32.0,1294.46),
     (10193,'2003-11-21',471,'S18_4409',24.0,1294.46);
INSERT INTO raw_layer.crm_orders (order_id,order_date,customer_id,product_id,quantity,sales) VALUES
     (10193,'2003-11-21',471,'S18_4933',25.0,1294.46),
     (10193,'2003-11-21',471,'S24_1937',26.0,1294.46),
     (10193,'2003-11-21',471,'S24_2022',20.0,1294.46),
     (10193,'2003-11-21',471,'S24_3969',22.0,1294.46),
     (10193,'2003-11-21',471,'S24_4258',20.0,1294.46),
     (10194,'2003-11-25',146,'S10_1949',42.0,1110.74),
     (10194,'2003-11-25',146,'S10_4962',26.0,1110.74),
     (10194,'2003-11-25',146,'S12_1666',38.0,1110.74),
     (10194,'2003-11-25',146,'S18_1097',21.0,1110.74),
     (10194,'2003-11-25',146,'S18_2432',45.0,1110.74);
INSERT INTO raw_layer.crm_orders (order_id,order_date,customer_id,product_id,quantity,sales) VALUES
     (10194,'2003-11-25',146,'S18_4600',32.0,1110.74),
     (10194,'2003-11-25',146,'S18_4668',41.0,1110.74),
     (10194,'2003-11-25',146,'S24_2300',49.0,1110.74),
     (10194,'2003-11-25',146,'S32_1268',37.0,1110.74),
     (10194,'2003-11-25',146,'S32_3522',39.0,1110.74),
     (10194,'2003-11-25',146,'S700_2824',26.0,1110.74),
     (10195,'2003-11-25',319,'S12_4473',49.0,911.46),
     (10195,'2003-11-25',319,'S18_2238',27.0,911.46),
     (10195,'2003-11-25',319,'S18_2319',35.0,911.46),
     (10195,'2003-11-25',319,'S18_3232',50.0,911.46);
INSERT INTO raw_layer.crm_orders (order_id,order_date,customer_id,product_id,quantity,sales) VALUES
     (10195,'2003-11-25',319,'S24_1444',44.0,911.46),
     (10195,'2003-11-25',319,'S24_2840',32.0,911.46),
     (10195,'2003-11-25',319,'S24_4048',34.0,911.46),
     (10195,'2003-11-25',319,'S32_2509',32.0,911.46),
     (10195,'2003-11-25',319,'S32_3207',33.0,911.46),
     (10195,'2003-11-25',319,'S50_1392',49.0,911.46),
     (10196,'2003-11-26',455,'S12_1108',47.0,978.59),
     (10196,'2003-11-26',455,'S12_3148',24.0,978.59),
     (10196,'2003-11-26',455,'S12_3891',38.0,978.59),
     (10196,'2003-11-26',455,'S18_3140',49.0,978.59);
INSERT INTO raw_layer.crm_orders (order_id,order_date,customer_id,product_id,quantity,sales) VALUES
     (10196,'2003-11-26',455,'S18_3259',35.0,978.59),
     (10196,'2003-11-26',455,'S18_4027',27.0,978.59),
     (10196,'2003-11-26',455,'S50_1514',46.0,978.59),
     (10196,'2003-11-26',455,'S700_1938',50.0,978.59),
     (10197,'2003-11-26',216,'S10_4757',45.0,1109.13),
     (10197,'2003-11-26',216,'S18_3029',46.0,1109.13),
     (10197,'2003-11-26',216,'S18_3856',22.0,1109.13),
     (10197,'2003-11-26',216,'S18_4522',50.0,1109.13),
     (10197,'2003-11-26',216,'S24_2011',41.0,1109.13),
     (10197,'2003-11-26',216,'S24_3151',47.0,1109.13);
INSERT INTO raw_layer.crm_orders (order_id,order_date,customer_id,product_id,quantity,sales) VALUES
     (10197,'2003-11-26',216,'S24_3816',22.0,1109.13),
     (10197,'2003-11-26',216,'S700_1138',23.0,1109.13),
     (10197,'2003-11-26',216,'S700_2047',24.0,1109.13),
     (10197,'2003-11-26',216,'S700_2610',50.0,1109.13),
     (10197,'2003-11-26',216,'S700_3505',27.0,1109.13),
     (10197,'2003-11-26',216,'S700_3962',35.0,1109.13),
     (10197,'2003-11-26',216,'S72_1253',29.0,1109.13),
     (10197,'2003-11-26',216,'S72_3212',42.0,1109.13),
     (10198,'2003-11-27',385,'S18_1662',42.0,506.86002),
     (10198,'2003-11-27',385,'S24_2841',48.0,506.86002);
INSERT INTO raw_layer.crm_orders (order_id,order_date,customer_id,product_id,quantity,sales) VALUES
     (10198,'2003-11-27',385,'S24_3420',27.0,506.86002),
     (10198,'2003-11-27',385,'S24_3949',43.0,506.86002),
     (10198,'2003-11-27',385,'S700_2466',42.0,506.86002),
     (10198,'2003-11-27',385,'S700_4002',40.0,506.86002),
     (10199,'2003-12-01',475,'S50_1341',29.0,189.66),
     (10199,'2003-12-01',475,'S700_1691',48.0,189.66),
     (10199,'2003-12-01',475,'S700_3167',38.0,189.66),
     (10200,'2003-12-01',211,'S18_2581',28.0,505.53998),
     (10200,'2003-12-01',211,'S24_1785',33.0,505.53998),
     (10200,'2003-12-01',211,'S24_4278',39.0,505.53998);
INSERT INTO raw_layer.crm_orders (order_id,order_date,customer_id,product_id,quantity,sales) VALUES
     (10200,'2003-12-01',211,'S32_1374',35.0,505.53998),
     (10200,'2003-12-01',211,'S32_4289',27.0,505.53998),
     (10200,'2003-12-01',211,'S700_2834',39.0,505.53998),
     (10201,'2003-12-01',129,'S10_1678',22.0,725.37),
     (10201,'2003-12-01',129,'S10_2016',24.0,725.37),
     (10201,'2003-12-01',129,'S10_4698',49.0,725.37),
     (10201,'2003-12-01',129,'S12_2823',25.0,725.37),
     (10201,'2003-12-01',129,'S18_2625',30.0,725.37),
     (10201,'2003-12-01',129,'S24_1578',39.0,725.37),
     (10201,'2003-12-01',129,'S24_2000',25.0,725.37);
INSERT INTO raw_layer.crm_orders (order_id,order_date,customer_id,product_id,quantity,sales) VALUES
     (10202,'2003-12-02',357,'S18_3782',30.0,506.36),
     (10202,'2003-12-02',357,'S18_4721',43.0,506.36),
     (10202,'2003-12-02',357,'S24_2360',50.0,506.36),
     (10202,'2003-12-02',357,'S24_4620',50.0,506.36),
     (10202,'2003-12-02',357,'S32_2206',27.0,506.36),
     (10202,'2003-12-02',357,'S32_4485',31.0,506.36),
     (10202,'2003-12-02',357,'S50_4713',40.0,506.36),
     (10203,'2003-12-02',141,'S12_1099',20.0,1107.92),
     (10203,'2003-12-02',141,'S12_3380',20.0,1107.92),
     (10203,'2003-12-02',141,'S12_3990',44.0,1107.92);
INSERT INTO raw_layer.crm_orders (order_id,order_date,customer_id,product_id,quantity,sales) VALUES
     (10203,'2003-12-02',141,'S12_4675',47.0,1107.92),
     (10203,'2003-12-02',141,'S18_1889',45.0,1107.92),
     (10203,'2003-12-02',141,'S18_3232',48.0,1107.92),
     (10203,'2003-12-02',141,'S18_3278',33.0,1107.92),
     (10203,'2003-12-02',141,'S18_3482',32.0,1107.92),
     (10203,'2003-12-02',141,'S24_2972',21.0,1107.92),
     (10203,'2003-12-02',141,'S24_3371',34.0,1107.92),
     (10203,'2003-12-02',141,'S24_3856',47.0,1107.92),
     (10204,'2003-12-02',151,'S18_1129',42.0,1619.73),
     (10204,'2003-12-02',151,'S18_1589',40.0,1619.73);
INSERT INTO raw_layer.crm_orders (order_id,order_date,customer_id,product_id,quantity,sales) VALUES
     (10204,'2003-12-02',151,'S18_1749',33.0,1619.73),
     (10204,'2003-12-02',151,'S18_1984',38.0,1619.73),
     (10204,'2003-12-02',151,'S18_2248',23.0,1619.73),
     (10204,'2003-12-02',151,'S18_2325',26.0,1619.73),
     (10204,'2003-12-02',151,'S18_2870',27.0,1619.73),
     (10204,'2003-12-02',151,'S18_3685',35.0,1619.73),
     (10204,'2003-12-02',151,'S18_4409',29.0,1619.73),
     (10204,'2003-12-02',151,'S18_4933',45.0,1619.73),
     (10204,'2003-12-02',151,'S24_1046',20.0,1619.73),
     (10204,'2003-12-02',151,'S24_1628',45.0,1619.73);
INSERT INTO raw_layer.crm_orders (order_id,order_date,customer_id,product_id,quantity,sales) VALUES
     (10204,'2003-12-02',151,'S24_2766',47.0,1619.73),
     (10204,'2003-12-02',151,'S24_2887',42.0,1619.73),
     (10204,'2003-12-02',151,'S24_3191',40.0,1619.73),
     (10204,'2003-12-02',151,'S24_3432',48.0,1619.73),
     (10204,'2003-12-02',151,'S24_3969',39.0,1619.73),
     (10205,'2003-12-03',141,'S18_1342',36.0,347.45),
     (10205,'2003-12-03',141,'S18_1367',48.0,347.45),
     (10205,'2003-12-03',141,'S18_2795',40.0,347.45),
     (10205,'2003-12-03',141,'S24_1937',32.0,347.45),
     (10205,'2003-12-03',141,'S24_2022',24.0,347.45);
INSERT INTO raw_layer.crm_orders (order_id,order_date,customer_id,product_id,quantity,sales) VALUES
     (10206,'2003-12-05',202,'S10_1949',47.0,1065.55),
     (10206,'2003-12-05',202,'S12_1666',28.0,1065.55),
     (10206,'2003-12-05',202,'S18_1097',34.0,1065.55),
     (10206,'2003-12-05',202,'S18_2949',37.0,1065.55),
     (10206,'2003-12-05',202,'S18_2957',28.0,1065.55),
     (10206,'2003-12-05',202,'S18_3136',30.0,1065.55),
     (10206,'2003-12-05',202,'S18_3320',28.0,1065.55),
     (10206,'2003-12-05',202,'S18_4668',21.0,1065.55),
     (10206,'2003-12-05',202,'S24_4258',33.0,1065.55),
     (10206,'2003-12-05',202,'S32_3522',36.0,1065.55);
INSERT INTO raw_layer.crm_orders (order_id,order_date,customer_id,product_id,quantity,sales) VALUES
     (10206,'2003-12-05',202,'S700_2824',33.0,1065.55),
     (10207,'2003-12-09',495,'S10_4962',31.0,1560.08),
     (10207,'2003-12-09',495,'S12_4473',34.0,1560.08),
     (10207,'2003-12-09',495,'S18_2238',44.0,1560.08),
     (10207,'2003-12-09',495,'S18_2319',43.0,1560.08),
     (10207,'2003-12-09',495,'S18_2432',37.0,1560.08),
     (10207,'2003-12-09',495,'S18_3232',25.0,1560.08),
     (10207,'2003-12-09',495,'S18_4027',40.0,1560.08),
     (10207,'2003-12-09',495,'S18_4600',47.0,1560.08),
     (10207,'2003-12-09',495,'S24_1444',49.0,1560.08);
INSERT INTO raw_layer.crm_orders (order_id,order_date,customer_id,product_id,quantity,sales) VALUES
     (10207,'2003-12-09',495,'S24_2300',46.0,1560.08),
     (10207,'2003-12-09',495,'S24_2840',42.0,1560.08),
     (10207,'2003-12-09',495,'S24_4048',28.0,1560.08),
     (10207,'2003-12-09',495,'S32_1268',49.0,1560.08),
     (10207,'2003-12-09',495,'S32_2509',27.0,1560.08),
     (10207,'2003-12-09',495,'S32_3207',45.0,1560.08),
     (10207,'2003-12-09',495,'S50_1392',28.0,1560.08),
     (10208,'2004-01-02',146,'S12_1108',46.0,1438.31),
     (10208,'2004-01-02',146,'S12_3148',26.0,1438.31),
     (10208,'2004-01-02',146,'S12_3891',20.0,1438.31);
INSERT INTO raw_layer.crm_orders (order_id,order_date,customer_id,product_id,quantity,sales) VALUES
     (10208,'2004-01-02',146,'S18_3140',24.0,1438.31),
     (10208,'2004-01-02',146,'S18_3259',48.0,1438.31),
     (10208,'2004-01-02',146,'S18_4522',45.0,1438.31),
     (10208,'2004-01-02',146,'S24_2011',35.0,1438.31),
     (10208,'2004-01-02',146,'S24_3151',20.0,1438.31),
     (10208,'2004-01-02',146,'S50_1514',30.0,1438.31),
     (10208,'2004-01-02',146,'S700_1138',38.0,1438.31),
     (10208,'2004-01-02',146,'S700_1938',40.0,1438.31),
     (10208,'2004-01-02',146,'S700_2610',46.0,1438.31),
     (10208,'2004-01-02',146,'S700_3505',37.0,1438.31);
INSERT INTO raw_layer.crm_orders (order_id,order_date,customer_id,product_id,quantity,sales) VALUES
     (10208,'2004-01-02',146,'S700_3962',33.0,1438.31),
     (10208,'2004-01-02',146,'S72_3212',42.0,1438.31),
     (10209,'2004-01-09',347,'S10_4757',39.0,646.57),
     (10209,'2004-01-09',347,'S18_3029',28.0,646.57),
     (10209,'2004-01-09',347,'S18_3856',20.0,646.57),
     (10209,'2004-01-09',347,'S24_2841',43.0,646.57),
     (10209,'2004-01-09',347,'S24_3420',36.0,646.57),
     (10209,'2004-01-09',347,'S24_3816',22.0,646.57),
     (10209,'2004-01-09',347,'S700_2047',33.0,646.57),
     (10209,'2004-01-09',347,'S72_1253',48.0,646.57);
INSERT INTO raw_layer.crm_orders (order_id,order_date,customer_id,product_id,quantity,sales) VALUES
     (10210,'2004-01-12',177,'S10_2016',23.0,1443.0599),
     (10210,'2004-01-12',177,'S10_4698',34.0,1443.0599),
     (10210,'2004-01-12',177,'S18_1662',31.0,1443.0599),
     (10210,'2004-01-12',177,'S18_2581',50.0,1443.0599),
     (10210,'2004-01-12',177,'S18_2625',40.0,1443.0599),
     (10210,'2004-01-12',177,'S24_1785',27.0,1443.0599),
     (10210,'2004-01-12',177,'S24_2000',30.0,1443.0599),
     (10210,'2004-01-12',177,'S24_3949',29.0,1443.0599),
     (10210,'2004-01-12',177,'S24_4278',40.0,1443.0599),
     (10210,'2004-01-12',177,'S32_1374',46.0,1443.0599);
INSERT INTO raw_layer.crm_orders (order_id,order_date,customer_id,product_id,quantity,sales) VALUES
     (10210,'2004-01-12',177,'S32_4289',39.0,1443.0599),
     (10210,'2004-01-12',177,'S50_1341',43.0,1443.0599),
     (10210,'2004-01-12',177,'S700_1691',21.0,1443.0599),
     (10210,'2004-01-12',177,'S700_2466',26.0,1443.0599),
     (10210,'2004-01-12',177,'S700_2834',25.0,1443.0599),
     (10210,'2004-01-12',177,'S700_3167',31.0,1443.0599),
     (10210,'2004-01-12',177,'S700_4002',42.0,1443.0599),
     (10211,'2004-01-15',406,'S10_1678',41.0,1399.57),
     (10211,'2004-01-15',406,'S12_1099',41.0,1399.57),
     (10211,'2004-01-15',406,'S12_2823',36.0,1399.57);
INSERT INTO raw_layer.crm_orders (order_id,order_date,customer_id,product_id,quantity,sales) VALUES
     (10211,'2004-01-15',406,'S12_3990',28.0,1399.57),
     (10211,'2004-01-15',406,'S18_3278',35.0,1399.57),
     (10211,'2004-01-15',406,'S18_3482',28.0,1399.57),
     (10211,'2004-01-15',406,'S18_3782',46.0,1399.57),
     (10211,'2004-01-15',406,'S18_4721',41.0,1399.57),
     (10211,'2004-01-15',406,'S24_1578',25.0,1399.57),
     (10211,'2004-01-15',406,'S24_2360',21.0,1399.57),
     (10211,'2004-01-15',406,'S24_3371',48.0,1399.57),
     (10211,'2004-01-15',406,'S24_4620',22.0,1399.57),
     (10211,'2004-01-15',406,'S32_2206',41.0,1399.57);
INSERT INTO raw_layer.crm_orders (order_id,order_date,customer_id,product_id,quantity,sales) VALUES
     (10211,'2004-01-15',406,'S32_4485',37.0,1399.57),
     (10211,'2004-01-15',406,'S50_4713',40.0,1399.57),
     (10212,'2004-01-16',141,'S12_3380',39.0,1541.83),
     (10212,'2004-01-16',141,'S12_4675',33.0,1541.83),
     (10212,'2004-01-16',141,'S18_1129',29.0,1541.83),
     (10212,'2004-01-16',141,'S18_1589',38.0,1541.83),
     (10212,'2004-01-16',141,'S18_1889',20.0,1541.83),
     (10212,'2004-01-16',141,'S18_1984',41.0,1541.83),
     (10212,'2004-01-16',141,'S18_2870',40.0,1541.83),
     (10212,'2004-01-16',141,'S18_3232',40.0,1541.83);
INSERT INTO raw_layer.crm_orders (order_id,order_date,customer_id,product_id,quantity,sales) VALUES
     (10212,'2004-01-16',141,'S18_3685',45.0,1541.83),
     (10212,'2004-01-16',141,'S24_1046',41.0,1541.83),
     (10212,'2004-01-16',141,'S24_1628',45.0,1541.83),
     (10212,'2004-01-16',141,'S24_2766',45.0,1541.83),
     (10212,'2004-01-16',141,'S24_2972',34.0,1541.83),
     (10212,'2004-01-16',141,'S24_3191',27.0,1541.83),
     (10212,'2004-01-16',141,'S24_3432',46.0,1541.83),
     (10212,'2004-01-16',141,'S24_3856',49.0,1541.83),
     (10213,'2004-01-22',489,'S18_4409',38.0,240.59),
     (10213,'2004-01-22',489,'S18_4933',25.0,240.59);
INSERT INTO raw_layer.crm_orders (order_id,order_date,customer_id,product_id,quantity,sales) VALUES
     (10213,'2004-01-22',489,'S24_2887',27.0,240.59),
     (10214,'2004-01-26',458,'S18_1749',30.0,623.43),
     (10214,'2004-01-26',458,'S18_2248',21.0,623.43),
     (10214,'2004-01-26',458,'S18_2325',27.0,623.43),
     (10214,'2004-01-26',458,'S18_2795',50.0,623.43),
     (10214,'2004-01-26',458,'S24_1937',20.0,623.43),
     (10214,'2004-01-26',458,'S24_2022',49.0,623.43),
     (10214,'2004-01-26',458,'S24_3969',44.0,623.43),
     (10215,'2004-01-29',475,'S10_1949',35.0,916.49),
     (10215,'2004-01-29',475,'S18_1097',46.0,916.49);
INSERT INTO raw_layer.crm_orders (order_id,order_date,customer_id,product_id,quantity,sales) VALUES
     (10215,'2004-01-29',475,'S18_1342',27.0,916.49),
     (10215,'2004-01-29',475,'S18_1367',33.0,916.49),
     (10215,'2004-01-29',475,'S18_2949',49.0,916.49),
     (10215,'2004-01-29',475,'S18_2957',31.0,916.49),
     (10215,'2004-01-29',475,'S18_3136',49.0,916.49),
     (10215,'2004-01-29',475,'S18_3320',41.0,916.49),
     (10215,'2004-01-29',475,'S18_4668',46.0,916.49),
     (10215,'2004-01-29',475,'S24_4258',39.0,916.49),
     (10216,'2004-02-02',256,'S12_1666',43.0,133.94),
     (10217,'2004-02-04',166,'S10_4962',48.0,638.71);
INSERT INTO raw_layer.crm_orders (order_id,order_date,customer_id,product_id,quantity,sales) VALUES
     (10217,'2004-02-04',166,'S18_2432',35.0,638.71),
     (10217,'2004-02-04',166,'S18_4600',38.0,638.71),
     (10217,'2004-02-04',166,'S24_2300',28.0,638.71),
     (10217,'2004-02-04',166,'S32_1268',21.0,638.71),
     (10217,'2004-02-04',166,'S32_3522',39.0,638.71),
     (10217,'2004-02-04',166,'S700_2824',31.0,638.71),
     (10218,'2004-02-09',473,'S18_2319',22.0,262.87),
     (10218,'2004-02-09',473,'S18_3232',34.0,262.87),
     (10219,'2004-02-10',487,'S12_4473',48.0,306.16),
     (10219,'2004-02-10',487,'S18_2238',43.0,306.16);
INSERT INTO raw_layer.crm_orders (order_id,order_date,customer_id,product_id,quantity,sales) VALUES
     (10219,'2004-02-10',487,'S24_2840',21.0,306.16),
     (10219,'2004-02-10',487,'S32_2509',35.0,306.16),
     (10220,'2004-02-12',189,'S12_1108',32.0,982.07),
     (10220,'2004-02-12',189,'S12_3148',30.0,982.07),
     (10220,'2004-02-12',189,'S12_3891',27.0,982.07),
     (10220,'2004-02-12',189,'S18_4027',50.0,982.07),
     (10220,'2004-02-12',189,'S24_1444',26.0,982.07),
     (10220,'2004-02-12',189,'S24_4048',37.0,982.07),
     (10220,'2004-02-12',189,'S32_3207',20.0,982.07),
     (10220,'2004-02-12',189,'S50_1392',37.0,982.07);
INSERT INTO raw_layer.crm_orders (order_id,order_date,customer_id,product_id,quantity,sales) VALUES
     (10220,'2004-02-12',189,'S50_1514',30.0,982.07),
     (10221,'2004-02-18',314,'S18_3140',33.0,490.22),
     (10221,'2004-02-18',314,'S18_3259',23.0,490.22),
     (10221,'2004-02-18',314,'S18_4522',39.0,490.22),
     (10221,'2004-02-18',314,'S24_2011',49.0,490.22),
     (10221,'2004-02-18',314,'S700_1938',23.0,490.22),
     (10222,'2004-02-19',239,'S10_4757',49.0,1389.51),
     (10222,'2004-02-19',239,'S18_1662',49.0,1389.51),
     (10222,'2004-02-19',239,'S18_3029',49.0,1389.51),
     (10222,'2004-02-19',239,'S18_3856',45.0,1389.51);
INSERT INTO raw_layer.crm_orders (order_id,order_date,customer_id,product_id,quantity,sales) VALUES
     (10222,'2004-02-19',239,'S24_2841',32.0,1389.51),
     (10222,'2004-02-19',239,'S24_3151',47.0,1389.51),
     (10222,'2004-02-19',239,'S24_3420',43.0,1389.51),
     (10222,'2004-02-19',239,'S24_3816',46.0,1389.51),
     (10222,'2004-02-19',239,'S24_3949',48.0,1389.51),
     (10222,'2004-02-19',239,'S700_1138',31.0,1389.51),
     (10222,'2004-02-19',239,'S700_2047',26.0,1389.51),
     (10222,'2004-02-19',239,'S700_2466',37.0,1389.51),
     (10222,'2004-02-19',239,'S700_2610',36.0,1389.51),
     (10222,'2004-02-19',239,'S700_3505',38.0,1389.51);
INSERT INTO raw_layer.crm_orders (order_id,order_date,customer_id,product_id,quantity,sales) VALUES
     (10222,'2004-02-19',239,'S700_3962',31.0,1389.51),
     (10222,'2004-02-19',239,'S700_4002',43.0,1389.51),
     (10222,'2004-02-19',239,'S72_1253',31.0,1389.51),
     (10222,'2004-02-19',239,'S72_3212',36.0,1389.51),
     (10223,'2004-02-20',114,'S10_1678',37.0,1304.29),
     (10223,'2004-02-20',114,'S10_2016',47.0,1304.29),
     (10223,'2004-02-20',114,'S10_4698',49.0,1304.29),
     (10223,'2004-02-20',114,'S18_2581',47.0,1304.29),
     (10223,'2004-02-20',114,'S18_2625',28.0,1304.29),
     (10223,'2004-02-20',114,'S24_1578',32.0,1304.29);
INSERT INTO raw_layer.crm_orders (order_id,order_date,customer_id,product_id,quantity,sales) VALUES
     (10223,'2004-02-20',114,'S24_1785',34.0,1304.29),
     (10223,'2004-02-20',114,'S24_2000',38.0,1304.29),
     (10223,'2004-02-20',114,'S24_4278',23.0,1304.29),
     (10223,'2004-02-20',114,'S32_1374',21.0,1304.29),
     (10223,'2004-02-20',114,'S32_4289',20.0,1304.29),
     (10223,'2004-02-20',114,'S50_1341',41.0,1304.29),
     (10223,'2004-02-20',114,'S700_1691',25.0,1304.29),
     (10223,'2004-02-20',114,'S700_2834',29.0,1304.29),
     (10223,'2004-02-20',114,'S700_3167',26.0,1304.29),
     (10224,'2004-02-21',171,'S12_2823',43.0,472.32);
INSERT INTO raw_layer.crm_orders (order_id,order_date,customer_id,product_id,quantity,sales) VALUES
     (10224,'2004-02-21',171,'S18_3782',38.0,472.32),
     (10224,'2004-02-21',171,'S24_2360',37.0,472.32),
     (10224,'2004-02-21',171,'S32_2206',43.0,472.32),
     (10224,'2004-02-21',171,'S32_4485',30.0,472.32),
     (10224,'2004-02-21',171,'S50_4713',50.0,472.32),
     (10225,'2004-02-22',298,'S12_1099',27.0,1392.48),
     (10225,'2004-02-22',298,'S12_3380',25.0,1392.48),
     (10225,'2004-02-22',298,'S12_3990',37.0,1392.48),
     (10225,'2004-02-22',298,'S12_4675',21.0,1392.48),
     (10225,'2004-02-22',298,'S18_1129',32.0,1392.48);
INSERT INTO raw_layer.crm_orders (order_id,order_date,customer_id,product_id,quantity,sales) VALUES
     (10225,'2004-02-22',298,'S18_1889',47.0,1392.48),
     (10225,'2004-02-22',298,'S18_3232',43.0,1392.48),
     (10225,'2004-02-22',298,'S18_3278',37.0,1392.48),
     (10225,'2004-02-22',298,'S18_3482',27.0,1392.48),
     (10225,'2004-02-22',298,'S18_4721',35.0,1392.48),
     (10225,'2004-02-22',298,'S24_2972',42.0,1392.48),
     (10225,'2004-02-22',298,'S24_3371',24.0,1392.48),
     (10225,'2004-02-22',298,'S24_3856',40.0,1392.48),
     (10225,'2004-02-22',298,'S24_4620',46.0,1392.48),
     (10226,'2004-02-26',239,'S18_1589',38.0,694.52);
INSERT INTO raw_layer.crm_orders (order_id,order_date,customer_id,product_id,quantity,sales) VALUES
     (10226,'2004-02-26',239,'S18_1984',24.0,694.52),
     (10226,'2004-02-26',239,'S18_2870',24.0,694.52),
     (10226,'2004-02-26',239,'S18_3685',46.0,694.52),
     (10226,'2004-02-26',239,'S24_1046',21.0,694.52),
     (10226,'2004-02-26',239,'S24_1628',36.0,694.52),
     (10226,'2004-02-26',239,'S24_3432',48.0,694.52),
     (10227,'2004-03-02',146,'S18_1342',25.0,1220.54),
     (10227,'2004-03-02',146,'S18_1367',31.0,1220.54),
     (10227,'2004-03-02',146,'S18_1749',26.0,1220.54),
     (10227,'2004-03-02',146,'S18_2248',28.0,1220.54);
INSERT INTO raw_layer.crm_orders (order_id,order_date,customer_id,product_id,quantity,sales) VALUES
     (10227,'2004-03-02',146,'S18_2325',46.0,1220.54),
     (10227,'2004-03-02',146,'S18_2795',29.0,1220.54),
     (10227,'2004-03-02',146,'S18_3320',33.0,1220.54),
     (10227,'2004-03-02',146,'S18_4409',34.0,1220.54),
     (10227,'2004-03-02',146,'S18_4933',37.0,1220.54),
     (10227,'2004-03-02',146,'S24_1937',42.0,1220.54),
     (10227,'2004-03-02',146,'S24_2022',24.0,1220.54),
     (10227,'2004-03-02',146,'S24_2766',47.0,1220.54),
     (10227,'2004-03-02',146,'S24_2887',33.0,1220.54),
     (10227,'2004-03-02',146,'S24_3191',40.0,1220.54);
INSERT INTO raw_layer.crm_orders (order_id,order_date,customer_id,product_id,quantity,sales) VALUES
     (10227,'2004-03-02',146,'S24_3969',27.0,1220.54),
     (10228,'2004-03-10',173,'S10_1949',29.0,658.67),
     (10228,'2004-03-10',173,'S18_1097',32.0,658.67),
     (10228,'2004-03-10',173,'S18_2949',24.0,658.67),
     (10228,'2004-03-10',173,'S18_2957',45.0,658.67),
     (10228,'2004-03-10',173,'S18_3136',31.0,658.67),
     (10228,'2004-03-10',173,'S24_4258',33.0,658.67),
     (10229,'2004-03-11',124,'S10_4962',50.0,1246.31),
     (10229,'2004-03-11',124,'S12_1666',25.0,1246.31),
     (10229,'2004-03-11',124,'S12_4473',36.0,1246.31);
INSERT INTO raw_layer.crm_orders (order_id,order_date,customer_id,product_id,quantity,sales) VALUES
     (10229,'2004-03-11',124,'S18_2319',26.0,1246.31),
     (10229,'2004-03-11',124,'S18_2432',28.0,1246.31),
     (10229,'2004-03-11',124,'S18_3232',22.0,1246.31),
     (10229,'2004-03-11',124,'S18_4600',41.0,1246.31),
     (10229,'2004-03-11',124,'S18_4668',39.0,1246.31),
     (10229,'2004-03-11',124,'S24_2300',48.0,1246.31),
     (10229,'2004-03-11',124,'S24_2840',33.0,1246.31),
     (10229,'2004-03-11',124,'S32_1268',25.0,1246.31),
     (10229,'2004-03-11',124,'S32_2509',23.0,1246.31),
     (10229,'2004-03-11',124,'S32_3522',30.0,1246.31);
INSERT INTO raw_layer.crm_orders (order_id,order_date,customer_id,product_id,quantity,sales) VALUES
     (10229,'2004-03-11',124,'S700_2824',50.0,1246.31),
     (10230,'2004-03-15',128,'S12_3148',43.0,788.41),
     (10230,'2004-03-15',128,'S18_2238',49.0,788.41),
     (10230,'2004-03-15',128,'S18_4027',42.0,788.41),
     (10230,'2004-03-15',128,'S24_1444',36.0,788.41),
     (10230,'2004-03-15',128,'S24_4048',45.0,788.41),
     (10230,'2004-03-15',128,'S32_3207',46.0,788.41),
     (10230,'2004-03-15',128,'S50_1392',34.0,788.41),
     (10230,'2004-03-15',128,'S50_1514',43.0,788.41),
     (10231,'2004-03-19',344,'S12_1108',42.0,340.32);
INSERT INTO raw_layer.crm_orders (order_id,order_date,customer_id,product_id,quantity,sales) VALUES
     (10231,'2004-03-19',344,'S12_3891',49.0,340.32),
     (10232,'2004-03-20',240,'S18_3140',22.0,723.9),
     (10232,'2004-03-20',240,'S18_3259',48.0,723.9),
     (10232,'2004-03-20',240,'S18_4522',23.0,723.9),
     (10232,'2004-03-20',240,'S24_2011',46.0,723.9),
     (10232,'2004-03-20',240,'S700_1938',26.0,723.9),
     (10232,'2004-03-20',240,'S700_3505',48.0,723.9),
     (10232,'2004-03-20',240,'S700_3962',35.0,723.9),
     (10232,'2004-03-20',240,'S72_3212',24.0,723.9),
     (10233,'2004-03-29',328,'S24_3151',40.0,204.75);
INSERT INTO raw_layer.crm_orders (order_id,order_date,customer_id,product_id,quantity,sales) VALUES
     (10233,'2004-03-29',328,'S700_1138',36.0,204.75),
     (10233,'2004-03-29',328,'S700_2610',29.0,204.75),
     (10234,'2004-03-30',412,'S10_4757',48.0,775.05),
     (10234,'2004-03-30',412,'S18_1662',50.0,775.05),
     (10234,'2004-03-30',412,'S18_3029',48.0,775.05),
     (10234,'2004-03-30',412,'S18_3856',39.0,775.05),
     (10234,'2004-03-30',412,'S24_2841',44.0,775.05),
     (10234,'2004-03-30',412,'S24_3420',25.0,775.05),
     (10234,'2004-03-30',412,'S24_3816',31.0,775.05),
     (10234,'2004-03-30',412,'S700_2047',29.0,775.05);
INSERT INTO raw_layer.crm_orders (order_id,order_date,customer_id,product_id,quantity,sales) VALUES
     (10234,'2004-03-30',412,'S72_1253',40.0,775.05),
     (10235,'2004-04-02',260,'S18_2581',24.0,926.24),
     (10235,'2004-04-02',260,'S24_1785',23.0,926.24),
     (10235,'2004-04-02',260,'S24_3949',33.0,926.24),
     (10235,'2004-04-02',260,'S24_4278',40.0,926.24),
     (10235,'2004-04-02',260,'S32_1374',41.0,926.24),
     (10235,'2004-04-02',260,'S32_4289',34.0,926.24),
     (10235,'2004-04-02',260,'S50_1341',41.0,926.24),
     (10235,'2004-04-02',260,'S700_1691',25.0,926.24),
     (10235,'2004-04-02',260,'S700_2466',38.0,926.24);
INSERT INTO raw_layer.crm_orders (order_id,order_date,customer_id,product_id,quantity,sales) VALUES
     (10235,'2004-04-02',260,'S700_2834',25.0,926.24),
     (10235,'2004-04-02',260,'S700_3167',32.0,926.24),
     (10235,'2004-04-02',260,'S700_4002',34.0,926.24),
     (10236,'2004-04-03',486,'S10_2016',22.0,224.07),
     (10236,'2004-04-03',486,'S18_2625',23.0,224.07),
     (10236,'2004-04-03',486,'S24_2000',36.0,224.07),
     (10237,'2004-04-05',181,'S10_1678',23.0,810.42),
     (10237,'2004-04-05',181,'S10_4698',39.0,810.42),
     (10237,'2004-04-05',181,'S12_2823',32.0,810.42),
     (10237,'2004-04-05',181,'S18_3782',26.0,810.42);
INSERT INTO raw_layer.crm_orders (order_id,order_date,customer_id,product_id,quantity,sales) VALUES
     (10237,'2004-04-05',181,'S24_1578',20.0,810.42),
     (10237,'2004-04-05',181,'S24_2360',26.0,810.42),
     (10237,'2004-04-05',181,'S32_2206',26.0,810.42),
     (10237,'2004-04-05',181,'S32_4485',27.0,810.42),
     (10237,'2004-04-05',181,'S50_4713',20.0,810.42),
     (10238,'2004-04-09',145,'S12_1099',28.0,794.15),
     (10238,'2004-04-09',145,'S12_3380',29.0,794.15),
     (10238,'2004-04-09',145,'S12_3990',20.0,794.15),
     (10238,'2004-04-09',145,'S18_3278',41.0,794.15),
     (10238,'2004-04-09',145,'S18_3482',49.0,794.15);
INSERT INTO raw_layer.crm_orders (order_id,order_date,customer_id,product_id,quantity,sales) VALUES
     (10238,'2004-04-09',145,'S18_4721',44.0,794.15),
     (10238,'2004-04-09',145,'S24_3371',47.0,794.15),
     (10238,'2004-04-09',145,'S24_4620',22.0,794.15),
     (10239,'2004-04-12',311,'S12_4675',21.0,471.61002),
     (10239,'2004-04-12',311,'S18_1889',46.0,471.61002),
     (10239,'2004-04-12',311,'S18_3232',47.0,471.61002),
     (10239,'2004-04-12',311,'S24_2972',20.0,471.61002),
     (10239,'2004-04-12',311,'S24_3856',29.0,471.61002),
     (10240,'2004-04-13',177,'S18_1129',41.0,396.75),
     (10240,'2004-04-13',177,'S18_1984',37.0,396.75);
INSERT INTO raw_layer.crm_orders (order_id,order_date,customer_id,product_id,quantity,sales) VALUES
     (10240,'2004-04-13',177,'S18_3685',37.0,396.75),
     (10241,'2004-04-13',209,'S18_1589',21.0,1097.13),
     (10241,'2004-04-13',209,'S18_1749',41.0,1097.13),
     (10241,'2004-04-13',209,'S18_2248',33.0,1097.13),
     (10241,'2004-04-13',209,'S18_2870',44.0,1097.13),
     (10241,'2004-04-13',209,'S18_4409',42.0,1097.13),
     (10241,'2004-04-13',209,'S18_4933',30.0,1097.13),
     (10241,'2004-04-13',209,'S24_1046',22.0,1097.13),
     (10241,'2004-04-13',209,'S24_1628',21.0,1097.13),
     (10241,'2004-04-13',209,'S24_2766',47.0,1097.13);
INSERT INTO raw_layer.crm_orders (order_id,order_date,customer_id,product_id,quantity,sales) VALUES
     (10241,'2004-04-13',209,'S24_2887',28.0,1097.13),
     (10241,'2004-04-13',209,'S24_3191',26.0,1097.13),
     (10241,'2004-04-13',209,'S24_3432',27.0,1097.13),
     (10242,'2004-04-20',456,'S24_3969',46.0,36.52),
     (10243,'2004-04-26',495,'S18_2325',47.0,142.74),
     (10243,'2004-04-26',495,'S24_1937',33.0,142.74),
     (10244,'2004-04-29',141,'S18_1342',40.0,744.69),
     (10244,'2004-04-29',141,'S18_1367',20.0,744.69),
     (10244,'2004-04-29',141,'S18_2795',43.0,744.69),
     (10244,'2004-04-29',141,'S18_2949',30.0,744.69);
INSERT INTO raw_layer.crm_orders (order_id,order_date,customer_id,product_id,quantity,sales) VALUES
     (10244,'2004-04-29',141,'S18_2957',24.0,744.69),
     (10244,'2004-04-29',141,'S18_3136',29.0,744.69),
     (10244,'2004-04-29',141,'S18_3320',36.0,744.69),
     (10244,'2004-04-29',141,'S24_2022',39.0,744.69),
     (10244,'2004-04-29',141,'S24_4258',40.0,744.69),
     (10245,'2004-05-04',455,'S10_1949',34.0,956.27997),
     (10245,'2004-05-04',455,'S10_4962',28.0,956.27997),
     (10245,'2004-05-04',455,'S12_1666',38.0,956.27997),
     (10245,'2004-05-04',455,'S18_1097',29.0,956.27997),
     (10245,'2004-05-04',455,'S18_4600',21.0,956.27997);
INSERT INTO raw_layer.crm_orders (order_id,order_date,customer_id,product_id,quantity,sales) VALUES
     (10245,'2004-05-04',455,'S18_4668',45.0,956.27997),
     (10245,'2004-05-04',455,'S32_1268',37.0,956.27997),
     (10245,'2004-05-04',455,'S32_3522',44.0,956.27997),
     (10245,'2004-05-04',455,'S700_2824',44.0,956.27997),
     (10246,'2004-05-05',141,'S12_4473',46.0,1006.78),
     (10246,'2004-05-05',141,'S18_2238',40.0,1006.78),
     (10246,'2004-05-05',141,'S18_2319',22.0,1006.78),
     (10246,'2004-05-05',141,'S18_2432',30.0,1006.78),
     (10246,'2004-05-05',141,'S18_3232',36.0,1006.78),
     (10246,'2004-05-05',141,'S24_1444',44.0,1006.78);
INSERT INTO raw_layer.crm_orders (order_id,order_date,customer_id,product_id,quantity,sales) VALUES
     (10246,'2004-05-05',141,'S24_2300',29.0,1006.78),
     (10246,'2004-05-05',141,'S24_2840',49.0,1006.78),
     (10246,'2004-05-05',141,'S24_4048',46.0,1006.78),
     (10246,'2004-05-05',141,'S32_2509',35.0,1006.78),
     (10246,'2004-05-05',141,'S50_1392',22.0,1006.78),
     (10247,'2004-05-05',334,'S12_1108',44.0,757.24),
     (10247,'2004-05-05',334,'S12_3148',25.0,757.24),
     (10247,'2004-05-05',334,'S12_3891',27.0,757.24),
     (10247,'2004-05-05',334,'S18_4027',48.0,757.24),
     (10247,'2004-05-05',334,'S32_3207',40.0,757.24);
INSERT INTO raw_layer.crm_orders (order_id,order_date,customer_id,product_id,quantity,sales) VALUES
     (10247,'2004-05-05',334,'S50_1514',49.0,757.24),
     (10248,'2004-05-07',131,'S10_4757',20.0,1263.34),
     (10248,'2004-05-07',131,'S18_3029',21.0,1263.34),
     (10248,'2004-05-07',131,'S18_3140',32.0,1263.34),
     (10248,'2004-05-07',131,'S18_3259',42.0,1263.34),
     (10248,'2004-05-07',131,'S18_4522',42.0,1263.34),
     (10248,'2004-05-07',131,'S24_2011',48.0,1263.34),
     (10248,'2004-05-07',131,'S24_3151',30.0,1263.34),
     (10248,'2004-05-07',131,'S24_3816',23.0,1263.34),
     (10248,'2004-05-07',131,'S700_1138',36.0,1263.34);
INSERT INTO raw_layer.crm_orders (order_id,order_date,customer_id,product_id,quantity,sales) VALUES
     (10248,'2004-05-07',131,'S700_1938',40.0,1263.34),
     (10248,'2004-05-07',131,'S700_2610',32.0,1263.34),
     (10248,'2004-05-07',131,'S700_3505',30.0,1263.34),
     (10248,'2004-05-07',131,'S700_3962',35.0,1263.34),
     (10248,'2004-05-07',131,'S72_3212',23.0,1263.34),
     (10249,'2004-05-08',173,'S18_3856',46.0,344.64),
     (10249,'2004-05-08',173,'S24_2841',20.0,344.64),
     (10249,'2004-05-08',173,'S24_3420',25.0,344.64),
     (10249,'2004-05-08',173,'S700_2047',40.0,344.64),
     (10249,'2004-05-08',173,'S72_1253',32.0,344.64);
INSERT INTO raw_layer.crm_orders (order_id,order_date,customer_id,product_id,quantity,sales) VALUES
     (10250,'2004-05-11',450,'S18_1662',45.0,1146.61),
     (10250,'2004-05-11',450,'S18_2581',27.0,1146.61),
     (10250,'2004-05-11',450,'S24_1785',31.0,1146.61),
     (10250,'2004-05-11',450,'S24_2000',32.0,1146.61),
     (10250,'2004-05-11',450,'S24_3949',40.0,1146.61),
     (10250,'2004-05-11',450,'S24_4278',37.0,1146.61),
     (10250,'2004-05-11',450,'S32_1374',31.0,1146.61),
     (10250,'2004-05-11',450,'S32_4289',50.0,1146.61),
     (10250,'2004-05-11',450,'S50_1341',36.0,1146.61),
     (10250,'2004-05-11',450,'S700_1691',31.0,1146.61);
INSERT INTO raw_layer.crm_orders (order_id,order_date,customer_id,product_id,quantity,sales) VALUES
     (10250,'2004-05-11',450,'S700_2466',35.0,1146.61),
     (10250,'2004-05-11',450,'S700_2834',44.0,1146.61),
     (10250,'2004-05-11',450,'S700_3167',44.0,1146.61),
     (10250,'2004-05-11',450,'S700_4002',38.0,1146.61),
     (10251,'2004-05-18',328,'S10_1678',59.0,660.49),
     (10251,'2004-05-18',328,'S10_2016',44.0,660.49),
     (10251,'2004-05-18',328,'S10_4698',43.0,660.49),
     (10251,'2004-05-18',328,'S12_2823',46.0,660.49),
     (10251,'2004-05-18',328,'S18_2625',44.0,660.49),
     (10251,'2004-05-18',328,'S24_1578',50.0,660.49);
INSERT INTO raw_layer.crm_orders (order_id,order_date,customer_id,product_id,quantity,sales) VALUES
     (10252,'2004-05-26',406,'S18_3278',20.0,733.69),
     (10252,'2004-05-26',406,'S18_3482',41.0,733.69),
     (10252,'2004-05-26',406,'S18_3782',31.0,733.69),
     (10252,'2004-05-26',406,'S18_4721',26.0,733.69),
     (10252,'2004-05-26',406,'S24_2360',47.0,733.69),
     (10252,'2004-05-26',406,'S24_4620',38.0,733.69),
     (10252,'2004-05-26',406,'S32_2206',36.0,733.69),
     (10252,'2004-05-26',406,'S32_4485',25.0,733.69),
     (10252,'2004-05-26',406,'S50_4713',48.0,733.69),
     (10253,'2004-06-01',201,'S12_1099',24.0,1469.39);
INSERT INTO raw_layer.crm_orders (order_id,order_date,customer_id,product_id,quantity,sales) VALUES
     (10253,'2004-06-01',201,'S12_3380',22.0,1469.39),
     (10253,'2004-06-01',201,'S12_3990',25.0,1469.39),
     (10253,'2004-06-01',201,'S12_4675',41.0,1469.39),
     (10253,'2004-06-01',201,'S18_1129',26.0,1469.39),
     (10253,'2004-06-01',201,'S18_1589',24.0,1469.39),
     (10253,'2004-06-01',201,'S18_1889',23.0,1469.39),
     (10253,'2004-06-01',201,'S18_1984',33.0,1469.39),
     (10253,'2004-06-01',201,'S18_2870',37.0,1469.39),
     (10253,'2004-06-01',201,'S18_3232',40.0,1469.39),
     (10253,'2004-06-01',201,'S18_3685',31.0,1469.39);
INSERT INTO raw_layer.crm_orders (order_id,order_date,customer_id,product_id,quantity,sales) VALUES
     (10253,'2004-06-01',201,'S24_2972',40.0,1469.39),
     (10253,'2004-06-01',201,'S24_3371',24.0,1469.39),
     (10253,'2004-06-01',201,'S24_3856',39.0,1469.39),
     (10254,'2004-06-03',323,'S18_1749',49.0,983.52),
     (10254,'2004-06-03',323,'S18_2248',36.0,983.52),
     (10254,'2004-06-03',323,'S18_2325',41.0,983.52),
     (10254,'2004-06-03',323,'S18_4409',34.0,983.52),
     (10254,'2004-06-03',323,'S18_4933',30.0,983.52),
     (10254,'2004-06-03',323,'S24_1046',34.0,983.52),
     (10254,'2004-06-03',323,'S24_1628',32.0,983.52);
INSERT INTO raw_layer.crm_orders (order_id,order_date,customer_id,product_id,quantity,sales) VALUES
     (10254,'2004-06-03',323,'S24_1937',38.0,983.52),
     (10254,'2004-06-03',323,'S24_2766',31.0,983.52),
     (10254,'2004-06-03',323,'S24_2887',33.0,983.52),
     (10254,'2004-06-03',323,'S24_3191',42.0,983.52),
     (10254,'2004-06-03',323,'S24_3432',49.0,983.52),
     (10254,'2004-06-03',323,'S24_3969',20.0,983.52),
     (10255,'2004-06-04',209,'S18_2795',24.0,172.63),
     (10255,'2004-06-04',209,'S24_2022',37.0,172.63),
     (10256,'2004-06-08',145,'S18_1342',34.0,146.32),
     (10256,'2004-06-08',145,'S18_1367',29.0,146.32);
INSERT INTO raw_layer.crm_orders (order_id,order_date,customer_id,product_id,quantity,sales) VALUES
     (10257,'2004-06-14',450,'S18_2949',50.0,408.38998),
     (10257,'2004-06-14',450,'S18_2957',49.0,408.38998),
     (10257,'2004-06-14',450,'S18_3136',37.0,408.38998),
     (10257,'2004-06-14',450,'S18_3320',26.0,408.38998),
     (10257,'2004-06-14',450,'S24_4258',46.0,408.38998),
     (10258,'2004-06-15',398,'S10_1949',32.0,624.48),
     (10258,'2004-06-15',398,'S12_1666',41.0,624.48),
     (10258,'2004-06-15',398,'S18_1097',41.0,624.48),
     (10258,'2004-06-15',398,'S18_4668',21.0,624.48),
     (10258,'2004-06-15',398,'S32_3522',20.0,624.48);
INSERT INTO raw_layer.crm_orders (order_id,order_date,customer_id,product_id,quantity,sales) VALUES
     (10258,'2004-06-15',398,'S700_2824',45.0,624.48),
     (10259,'2004-06-15',166,'S10_4962',26.0,1259.09),
     (10259,'2004-06-15',166,'S12_4473',46.0,1259.09),
     (10259,'2004-06-15',166,'S18_2238',30.0,1259.09),
     (10259,'2004-06-15',166,'S18_2319',34.0,1259.09),
     (10259,'2004-06-15',166,'S18_2432',30.0,1259.09),
     (10259,'2004-06-15',166,'S18_3232',27.0,1259.09),
     (10259,'2004-06-15',166,'S18_4600',41.0,1259.09),
     (10259,'2004-06-15',166,'S24_1444',28.0,1259.09),
     (10259,'2004-06-15',166,'S24_2300',47.0,1259.09);
INSERT INTO raw_layer.crm_orders (order_id,order_date,customer_id,product_id,quantity,sales) VALUES
     (10259,'2004-06-15',166,'S24_2840',31.0,1259.09),
     (10259,'2004-06-15',166,'S32_1268',45.0,1259.09),
     (10259,'2004-06-15',166,'S32_2509',40.0,1259.09),
     (10259,'2004-06-15',166,'S50_1392',29.0,1259.09),
     (10260,'2004-06-16',357,'S12_1108',46.0,1152.26),
     (10260,'2004-06-16',357,'S12_3148',30.0,1152.26),
     (10260,'2004-06-16',357,'S12_3891',44.0,1152.26),
     (10260,'2004-06-16',357,'S18_3140',32.0,1152.26),
     (10260,'2004-06-16',357,'S18_3259',29.0,1152.26),
     (10260,'2004-06-16',357,'S18_4027',23.0,1152.26);
INSERT INTO raw_layer.crm_orders (order_id,order_date,customer_id,product_id,quantity,sales) VALUES
     (10260,'2004-06-16',357,'S24_4048',23.0,1152.26),
     (10260,'2004-06-16',357,'S32_3207',27.0,1152.26),
     (10260,'2004-06-16',357,'S50_1514',21.0,1152.26),
     (10260,'2004-06-16',357,'S700_1938',33.0,1152.26),
     (10261,'2004-06-17',233,'S10_4757',27.0,726.83),
     (10261,'2004-06-17',233,'S18_4522',20.0,726.83),
     (10261,'2004-06-17',233,'S24_2011',36.0,726.83),
     (10261,'2004-06-17',233,'S24_3151',22.0,726.83),
     (10261,'2004-06-17',233,'S700_1138',34.0,726.83),
     (10261,'2004-06-17',233,'S700_2610',44.0,726.83);
INSERT INTO raw_layer.crm_orders (order_id,order_date,customer_id,product_id,quantity,sales) VALUES
     (10261,'2004-06-17',233,'S700_3505',25.0,726.83),
     (10261,'2004-06-17',233,'S700_3962',50.0,726.83),
     (10261,'2004-06-17',233,'S72_3212',29.0,726.83),
     (10262,'2004-06-24',141,'S18_1662',49.0,1217.38),
     (10262,'2004-06-24',141,'S18_3029',32.0,1217.38),
     (10262,'2004-06-24',141,'S18_3856',34.0,1217.38),
     (10262,'2004-06-24',141,'S24_1785',34.0,1217.38),
     (10262,'2004-06-24',141,'S24_2841',24.0,1217.38),
     (10262,'2004-06-24',141,'S24_3420',46.0,1217.38),
     (10262,'2004-06-24',141,'S24_3816',49.0,1217.38);
INSERT INTO raw_layer.crm_orders (order_id,order_date,customer_id,product_id,quantity,sales) VALUES
     (10262,'2004-06-24',141,'S24_3949',48.0,1217.38),
     (10262,'2004-06-24',141,'S32_4289',40.0,1217.38),
     (10262,'2004-06-24',141,'S50_1341',49.0,1217.38),
     (10262,'2004-06-24',141,'S700_1691',40.0,1217.38),
     (10262,'2004-06-24',141,'S700_2047',44.0,1217.38),
     (10262,'2004-06-24',141,'S700_2466',33.0,1217.38),
     (10262,'2004-06-24',141,'S700_3167',27.0,1217.38),
     (10262,'2004-06-24',141,'S700_4002',35.0,1217.38),
     (10262,'2004-06-24',141,'S72_1253',21.0,1217.38),
     (10263,'2004-06-28',175,'S10_1678',34.0,1078.1901);
INSERT INTO raw_layer.crm_orders (order_id,order_date,customer_id,product_id,quantity,sales) VALUES
     (10263,'2004-06-28',175,'S10_2016',40.0,1078.1901),
     (10263,'2004-06-28',175,'S10_4698',41.0,1078.1901),
     (10263,'2004-06-28',175,'S12_2823',48.0,1078.1901),
     (10263,'2004-06-28',175,'S18_2581',33.0,1078.1901),
     (10263,'2004-06-28',175,'S18_2625',34.0,1078.1901),
     (10263,'2004-06-28',175,'S24_1578',42.0,1078.1901),
     (10263,'2004-06-28',175,'S24_2000',37.0,1078.1901),
     (10263,'2004-06-28',175,'S24_4278',24.0,1078.1901),
     (10263,'2004-06-28',175,'S32_1374',31.0,1078.1901),
     (10263,'2004-06-28',175,'S700_2834',47.0,1078.1901);
INSERT INTO raw_layer.crm_orders (order_id,order_date,customer_id,product_id,quantity,sales) VALUES
     (10264,'2004-06-30',362,'S18_3782',48.0,526.81),
     (10264,'2004-06-30',362,'S18_4721',20.0,526.81),
     (10264,'2004-06-30',362,'S24_2360',37.0,526.81),
     (10264,'2004-06-30',362,'S24_4620',47.0,526.81),
     (10264,'2004-06-30',362,'S32_2206',20.0,526.81),
     (10264,'2004-06-30',362,'S32_4485',34.0,526.81),
     (10264,'2004-06-30',362,'S50_4713',47.0,526.81),
     (10265,'2004-07-02',471,'S18_3278',45.0,198.25),
     (10265,'2004-07-02',471,'S18_3482',49.0,198.25),
     (10266,'2004-07-06',386,'S12_1099',44.0,1556.31);
INSERT INTO raw_layer.crm_orders (order_id,order_date,customer_id,product_id,quantity,sales) VALUES
     (10266,'2004-07-06',386,'S12_3380',22.0,1556.31),
     (10266,'2004-07-06',386,'S12_3990',35.0,1556.31),
     (10266,'2004-07-06',386,'S12_4675',40.0,1556.31),
     (10266,'2004-07-06',386,'S18_1129',21.0,1556.31),
     (10266,'2004-07-06',386,'S18_1589',36.0,1556.31),
     (10266,'2004-07-06',386,'S18_1889',33.0,1556.31),
     (10266,'2004-07-06',386,'S18_1984',49.0,1556.31),
     (10266,'2004-07-06',386,'S18_2870',20.0,1556.31),
     (10266,'2004-07-06',386,'S18_3232',29.0,1556.31),
     (10266,'2004-07-06',386,'S18_3685',33.0,1556.31);
INSERT INTO raw_layer.crm_orders (order_id,order_date,customer_id,product_id,quantity,sales) VALUES
     (10266,'2004-07-06',386,'S24_1628',28.0,1556.31),
     (10266,'2004-07-06',386,'S24_2972',34.0,1556.31),
     (10266,'2004-07-06',386,'S24_3371',47.0,1556.31),
     (10266,'2004-07-06',386,'S24_3856',24.0,1556.31),
     (10267,'2004-07-07',151,'S18_4933',36.0,495.97998),
     (10267,'2004-07-07',151,'S24_1046',40.0,495.97998),
     (10267,'2004-07-07',151,'S24_2766',38.0,495.97998),
     (10267,'2004-07-07',151,'S24_2887',43.0,495.97998),
     (10267,'2004-07-07',151,'S24_3191',44.0,495.97998),
     (10267,'2004-07-07',151,'S24_3432',43.0,495.97998);
INSERT INTO raw_layer.crm_orders (order_id,order_date,customer_id,product_id,quantity,sales) VALUES
     (10268,'2004-07-12',412,'S18_1342',49.0,924.64),
     (10268,'2004-07-12',412,'S18_1367',26.0,924.64),
     (10268,'2004-07-12',412,'S18_1749',34.0,924.64),
     (10268,'2004-07-12',412,'S18_2248',31.0,924.64),
     (10268,'2004-07-12',412,'S18_2325',50.0,924.64),
     (10268,'2004-07-12',412,'S18_2795',35.0,924.64),
     (10268,'2004-07-12',412,'S18_3320',39.0,924.64),
     (10268,'2004-07-12',412,'S18_4409',35.0,924.64),
     (10268,'2004-07-12',412,'S24_1937',33.0,924.64),
     (10268,'2004-07-12',412,'S24_2022',40.0,924.64);
INSERT INTO raw_layer.crm_orders (order_id,order_date,customer_id,product_id,quantity,sales) VALUES
     (10268,'2004-07-12',412,'S24_3969',30.0,924.64),
     (10269,'2004-07-16',382,'S18_2957',32.0,152.9),
     (10269,'2004-07-16',382,'S24_4258',48.0,152.9),
     (10270,'2004-07-19',282,'S10_1949',21.0,1087.2),
     (10270,'2004-07-19',282,'S10_4962',32.0,1087.2),
     (10270,'2004-07-19',282,'S12_1666',28.0,1087.2),
     (10270,'2004-07-19',282,'S18_1097',43.0,1087.2),
     (10270,'2004-07-19',282,'S18_2949',31.0,1087.2),
     (10270,'2004-07-19',282,'S18_3136',38.0,1087.2),
     (10270,'2004-07-19',282,'S18_4600',38.0,1087.2);
INSERT INTO raw_layer.crm_orders (order_id,order_date,customer_id,product_id,quantity,sales) VALUES
     (10270,'2004-07-19',282,'S18_4668',44.0,1087.2),
     (10270,'2004-07-19',282,'S32_1268',32.0,1087.2),
     (10270,'2004-07-19',282,'S32_3522',21.0,1087.2),
     (10270,'2004-07-19',282,'S700_2824',46.0,1087.2),
     (10271,'2004-07-20',124,'S12_4473',31.0,1054.03),
     (10271,'2004-07-20',124,'S18_2238',50.0,1054.03),
     (10271,'2004-07-20',124,'S18_2319',50.0,1054.03),
     (10271,'2004-07-20',124,'S18_2432',25.0,1054.03),
     (10271,'2004-07-20',124,'S18_3232',20.0,1054.03),
     (10271,'2004-07-20',124,'S24_1444',45.0,1054.03);
INSERT INTO raw_layer.crm_orders (order_id,order_date,customer_id,product_id,quantity,sales) VALUES
     (10271,'2004-07-20',124,'S24_2300',43.0,1054.03),
     (10271,'2004-07-20',124,'S24_2840',38.0,1054.03),
     (10271,'2004-07-20',124,'S24_4048',22.0,1054.03),
     (10271,'2004-07-20',124,'S32_2509',35.0,1054.03),
     (10271,'2004-07-20',124,'S50_1392',34.0,1054.03),
     (10272,'2004-07-20',157,'S12_1108',35.0,696.54),
     (10272,'2004-07-20',157,'S12_3148',27.0,696.54),
     (10272,'2004-07-20',157,'S12_3891',39.0,696.54),
     (10272,'2004-07-20',157,'S18_4027',25.0,696.54),
     (10272,'2004-07-20',157,'S32_3207',45.0,696.54);
INSERT INTO raw_layer.crm_orders (order_id,order_date,customer_id,product_id,quantity,sales) VALUES
     (10272,'2004-07-20',157,'S50_1514',43.0,696.54),
     (10273,'2004-07-21',314,'S10_4757',30.0,1309.01),
     (10273,'2004-07-21',314,'S18_3029',34.0,1309.01),
     (10273,'2004-07-21',314,'S18_3140',40.0,1309.01),
     (10273,'2004-07-21',314,'S18_3259',47.0,1309.01),
     (10273,'2004-07-21',314,'S18_3856',50.0,1309.01),
     (10273,'2004-07-21',314,'S18_4522',33.0,1309.01),
     (10273,'2004-07-21',314,'S24_2011',22.0,1309.01),
     (10273,'2004-07-21',314,'S24_3151',27.0,1309.01),
     (10273,'2004-07-21',314,'S24_3816',48.0,1309.01);
INSERT INTO raw_layer.crm_orders (order_id,order_date,customer_id,product_id,quantity,sales) VALUES
     (10273,'2004-07-21',314,'S700_1138',21.0,1309.01),
     (10273,'2004-07-21',314,'S700_1938',21.0,1309.01),
     (10273,'2004-07-21',314,'S700_2610',42.0,1309.01),
     (10273,'2004-07-21',314,'S700_3505',40.0,1309.01),
     (10273,'2004-07-21',314,'S700_3962',26.0,1309.01),
     (10273,'2004-07-21',314,'S72_3212',37.0,1309.01),
     (10274,'2004-07-21',379,'S18_1662',41.0,376.05),
     (10274,'2004-07-21',379,'S24_2841',40.0,376.05),
     (10274,'2004-07-21',379,'S24_3420',24.0,376.05),
     (10274,'2004-07-21',379,'S700_2047',24.0,376.05);
INSERT INTO raw_layer.crm_orders (order_id,order_date,customer_id,product_id,quantity,sales) VALUES
     (10274,'2004-07-21',379,'S72_1253',32.0,376.05),
     (10275,'2004-07-23',119,'S10_1678',45.0,1455.41),
     (10275,'2004-07-23',119,'S10_2016',22.0,1455.41),
     (10275,'2004-07-23',119,'S10_4698',36.0,1455.41),
     (10275,'2004-07-23',119,'S18_2581',35.0,1455.41),
     (10275,'2004-07-23',119,'S18_2625',37.0,1455.41),
     (10275,'2004-07-23',119,'S24_1578',21.0,1455.41),
     (10275,'2004-07-23',119,'S24_1785',25.0,1455.41),
     (10275,'2004-07-23',119,'S24_2000',30.0,1455.41),
     (10275,'2004-07-23',119,'S24_3949',41.0,1455.41);
INSERT INTO raw_layer.crm_orders (order_id,order_date,customer_id,product_id,quantity,sales) VALUES
     (10275,'2004-07-23',119,'S24_4278',27.0,1455.41),
     (10275,'2004-07-23',119,'S32_1374',23.0,1455.41),
     (10275,'2004-07-23',119,'S32_4289',28.0,1455.41),
     (10275,'2004-07-23',119,'S50_1341',38.0,1455.41),
     (10275,'2004-07-23',119,'S700_1691',32.0,1455.41),
     (10275,'2004-07-23',119,'S700_2466',39.0,1455.41),
     (10275,'2004-07-23',119,'S700_2834',48.0,1455.41),
     (10275,'2004-07-23',119,'S700_3167',43.0,1455.41),
     (10275,'2004-07-23',119,'S700_4002',31.0,1455.41),
     (10276,'2004-08-02',204,'S12_1099',50.0,1285.44);
INSERT INTO raw_layer.crm_orders (order_id,order_date,customer_id,product_id,quantity,sales) VALUES
     (10276,'2004-08-02',204,'S12_2823',43.0,1285.44),
     (10276,'2004-08-02',204,'S12_3380',47.0,1285.44),
     (10276,'2004-08-02',204,'S12_3990',38.0,1285.44),
     (10276,'2004-08-02',204,'S18_3278',38.0,1285.44),
     (10276,'2004-08-02',204,'S18_3482',30.0,1285.44),
     (10276,'2004-08-02',204,'S18_3782',33.0,1285.44),
     (10276,'2004-08-02',204,'S18_4721',48.0,1285.44),
     (10276,'2004-08-02',204,'S24_2360',46.0,1285.44),
     (10276,'2004-08-02',204,'S24_3371',20.0,1285.44),
     (10276,'2004-08-02',204,'S24_4620',48.0,1285.44);
INSERT INTO raw_layer.crm_orders (order_id,order_date,customer_id,product_id,quantity,sales) VALUES
     (10276,'2004-08-02',204,'S32_2206',27.0,1285.44),
     (10276,'2004-08-02',204,'S32_4485',38.0,1285.44),
     (10276,'2004-08-02',204,'S50_4713',21.0,1285.44),
     (10277,'2004-08-04',148,'S12_4675',28.0,93.28),
     (10278,'2004-08-06',112,'S18_1129',34.0,1034.86),
     (10278,'2004-08-06',112,'S18_1589',23.0,1034.86),
     (10278,'2004-08-06',112,'S18_1889',29.0,1034.86),
     (10278,'2004-08-06',112,'S18_1984',29.0,1034.86),
     (10278,'2004-08-06',112,'S18_2870',39.0,1034.86),
     (10278,'2004-08-06',112,'S18_3232',42.0,1034.86);
INSERT INTO raw_layer.crm_orders (order_id,order_date,customer_id,product_id,quantity,sales) VALUES
     (10278,'2004-08-06',112,'S18_3685',31.0,1034.86),
     (10278,'2004-08-06',112,'S24_1628',35.0,1034.86),
     (10278,'2004-08-06',112,'S24_2972',31.0,1034.86),
     (10278,'2004-08-06',112,'S24_3856',25.0,1034.86),
     (10279,'2004-08-09',141,'S18_4933',26.0,494.03),
     (10279,'2004-08-09',141,'S24_1046',32.0,494.03),
     (10279,'2004-08-09',141,'S24_2766',49.0,494.03),
     (10279,'2004-08-09',141,'S24_2887',48.0,494.03),
     (10279,'2004-08-09',141,'S24_3191',33.0,494.03),
     (10279,'2004-08-09',141,'S24_3432',48.0,494.03);
INSERT INTO raw_layer.crm_orders (order_id,order_date,customer_id,product_id,quantity,sales) VALUES
     (10280,'2004-08-17',249,'S10_1949',34.0,1518.1),
     (10280,'2004-08-17',249,'S18_1097',24.0,1518.1),
     (10280,'2004-08-17',249,'S18_1342',50.0,1518.1),
     (10280,'2004-08-17',249,'S18_1367',27.0,1518.1),
     (10280,'2004-08-17',249,'S18_1749',26.0,1518.1),
     (10280,'2004-08-17',249,'S18_2248',25.0,1518.1),
     (10280,'2004-08-17',249,'S18_2325',37.0,1518.1),
     (10280,'2004-08-17',249,'S18_2795',22.0,1518.1),
     (10280,'2004-08-17',249,'S18_2949',46.0,1518.1),
     (10280,'2004-08-17',249,'S18_2957',43.0,1518.1);
INSERT INTO raw_layer.crm_orders (order_id,order_date,customer_id,product_id,quantity,sales) VALUES
     (10280,'2004-08-17',249,'S18_3136',29.0,1518.1),
     (10280,'2004-08-17',249,'S18_3320',34.0,1518.1),
     (10280,'2004-08-17',249,'S18_4409',35.0,1518.1),
     (10280,'2004-08-17',249,'S24_1937',20.0,1518.1),
     (10280,'2004-08-17',249,'S24_2022',45.0,1518.1),
     (10280,'2004-08-17',249,'S24_3969',33.0,1518.1),
     (10280,'2004-08-17',249,'S24_4258',21.0,1518.1),
     (10281,'2004-08-19',157,'S10_4962',44.0,1224.88),
     (10281,'2004-08-19',157,'S12_1666',25.0,1224.88),
     (10281,'2004-08-19',157,'S12_4473',41.0,1224.88);
INSERT INTO raw_layer.crm_orders (order_id,order_date,customer_id,product_id,quantity,sales) VALUES
     (10281,'2004-08-19',157,'S18_2319',48.0,1224.88),
     (10281,'2004-08-19',157,'S18_2432',29.0,1224.88),
     (10281,'2004-08-19',157,'S18_3232',25.0,1224.88),
     (10281,'2004-08-19',157,'S18_4600',25.0,1224.88),
     (10281,'2004-08-19',157,'S18_4668',44.0,1224.88),
     (10281,'2004-08-19',157,'S24_2300',25.0,1224.88),
     (10281,'2004-08-19',157,'S24_2840',20.0,1224.88),
     (10281,'2004-08-19',157,'S32_1268',29.0,1224.88),
     (10281,'2004-08-19',157,'S32_2509',31.0,1224.88),
     (10281,'2004-08-19',157,'S32_3522',36.0,1224.88);
INSERT INTO raw_layer.crm_orders (order_id,order_date,customer_id,product_id,quantity,sales) VALUES
     (10281,'2004-08-19',157,'S700_2824',27.0,1224.88),
     (10282,'2004-08-20',124,'S12_1108',41.0,1426.43),
     (10282,'2004-08-20',124,'S12_3148',27.0,1426.43),
     (10282,'2004-08-20',124,'S12_3891',24.0,1426.43),
     (10282,'2004-08-20',124,'S18_2238',23.0,1426.43),
     (10282,'2004-08-20',124,'S18_3140',43.0,1426.43),
     (10282,'2004-08-20',124,'S18_3259',36.0,1426.43),
     (10282,'2004-08-20',124,'S18_4027',31.0,1426.43),
     (10282,'2004-08-20',124,'S24_1444',29.0,1426.43),
     (10282,'2004-08-20',124,'S24_4048',39.0,1426.43);
INSERT INTO raw_layer.crm_orders (order_id,order_date,customer_id,product_id,quantity,sales) VALUES
     (10282,'2004-08-20',124,'S32_3207',36.0,1426.43),
     (10282,'2004-08-20',124,'S50_1392',38.0,1426.43),
     (10282,'2004-08-20',124,'S50_1514',37.0,1426.43),
     (10282,'2004-08-20',124,'S700_1938',43.0,1426.43),
     (10283,'2004-08-20',260,'S10_4757',25.0,1107.4401),
     (10283,'2004-08-20',260,'S18_3029',21.0,1107.4401),
     (10283,'2004-08-20',260,'S18_3856',46.0,1107.4401),
     (10283,'2004-08-20',260,'S18_4522',34.0,1107.4401),
     (10283,'2004-08-20',260,'S24_2011',42.0,1107.4401),
     (10283,'2004-08-20',260,'S24_3151',34.0,1107.4401);
INSERT INTO raw_layer.crm_orders (order_id,order_date,customer_id,product_id,quantity,sales) VALUES
     (10283,'2004-08-20',260,'S24_3816',33.0,1107.4401),
     (10283,'2004-08-20',260,'S700_1138',45.0,1107.4401),
     (10283,'2004-08-20',260,'S700_2047',20.0,1107.4401),
     (10283,'2004-08-20',260,'S700_2610',47.0,1107.4401),
     (10283,'2004-08-20',260,'S700_3505',22.0,1107.4401),
     (10283,'2004-08-20',260,'S700_3962',38.0,1107.4401),
     (10283,'2004-08-20',260,'S72_1253',43.0,1107.4401),
     (10283,'2004-08-20',260,'S72_3212',33.0,1107.4401),
     (10284,'2004-08-21',299,'S18_1662',45.0,985.48004),
     (10284,'2004-08-21',299,'S18_2581',31.0,985.48004);
INSERT INTO raw_layer.crm_orders (order_id,order_date,customer_id,product_id,quantity,sales) VALUES
     (10284,'2004-08-21',299,'S24_1785',22.0,985.48004),
     (10284,'2004-08-21',299,'S24_2841',30.0,985.48004),
     (10284,'2004-08-21',299,'S24_3420',39.0,985.48004),
     (10284,'2004-08-21',299,'S24_3949',21.0,985.48004),
     (10284,'2004-08-21',299,'S24_4278',21.0,985.48004),
     (10284,'2004-08-21',299,'S32_4289',50.0,985.48004),
     (10284,'2004-08-21',299,'S50_1341',33.0,985.48004),
     (10284,'2004-08-21',299,'S700_1691',24.0,985.48004),
     (10284,'2004-08-21',299,'S700_2466',45.0,985.48004),
     (10284,'2004-08-21',299,'S700_3167',25.0,985.48004);
INSERT INTO raw_layer.crm_orders (order_id,order_date,customer_id,product_id,quantity,sales) VALUES
     (10284,'2004-08-21',299,'S700_4002',32.0,985.48004),
     (10285,'2004-08-27',286,'S10_1678',36.0,1170.23),
     (10285,'2004-08-27',286,'S10_2016',47.0,1170.23),
     (10285,'2004-08-27',286,'S10_4698',27.0,1170.23),
     (10285,'2004-08-27',286,'S12_2823',49.0,1170.23),
     (10285,'2004-08-27',286,'S18_2625',20.0,1170.23),
     (10285,'2004-08-27',286,'S24_1578',34.0,1170.23),
     (10285,'2004-08-27',286,'S24_2000',39.0,1170.23),
     (10285,'2004-08-27',286,'S24_2360',38.0,1170.23),
     (10285,'2004-08-27',286,'S32_1374',37.0,1170.23);
INSERT INTO raw_layer.crm_orders (order_id,order_date,customer_id,product_id,quantity,sales) VALUES
     (10285,'2004-08-27',286,'S32_2206',37.0,1170.23),
     (10285,'2004-08-27',286,'S32_4485',26.0,1170.23),
     (10285,'2004-08-27',286,'S50_4713',39.0,1170.23),
     (10285,'2004-08-27',286,'S700_2834',45.0,1170.23),
     (10286,'2004-08-28',172,'S18_3782',38.0,51.6),
     (10287,'2004-08-30',298,'S12_1099',21.0,1801.52),
     (10287,'2004-08-30',298,'S12_3380',45.0,1801.52),
     (10287,'2004-08-30',298,'S12_3990',41.0,1801.52),
     (10287,'2004-08-30',298,'S12_4675',23.0,1801.52),
     (10287,'2004-08-30',298,'S18_1129',41.0,1801.52);
INSERT INTO raw_layer.crm_orders (order_id,order_date,customer_id,product_id,quantity,sales) VALUES
     (10287,'2004-08-30',298,'S18_1889',44.0,1801.52),
     (10287,'2004-08-30',298,'S18_1984',24.0,1801.52),
     (10287,'2004-08-30',298,'S18_2870',44.0,1801.52),
     (10287,'2004-08-30',298,'S18_3232',36.0,1801.52),
     (10287,'2004-08-30',298,'S18_3278',43.0,1801.52),
     (10287,'2004-08-30',298,'S18_3482',40.0,1801.52),
     (10287,'2004-08-30',298,'S18_3685',27.0,1801.52),
     (10287,'2004-08-30',298,'S18_4721',34.0,1801.52),
     (10287,'2004-08-30',298,'S24_2972',36.0,1801.52),
     (10287,'2004-08-30',298,'S24_3371',20.0,1801.52);
INSERT INTO raw_layer.crm_orders (order_id,order_date,customer_id,product_id,quantity,sales) VALUES
     (10287,'2004-08-30',298,'S24_3856',36.0,1801.52),
     (10287,'2004-08-30',298,'S24_4620',40.0,1801.52),
     (10288,'2004-09-01',166,'S18_1589',20.0,1144.49),
     (10288,'2004-09-01',166,'S18_1749',32.0,1144.49),
     (10288,'2004-09-01',166,'S18_2248',28.0,1144.49),
     (10288,'2004-09-01',166,'S18_2325',31.0,1144.49),
     (10288,'2004-09-01',166,'S18_4409',35.0,1144.49),
     (10288,'2004-09-01',166,'S18_4933',23.0,1144.49),
     (10288,'2004-09-01',166,'S24_1046',36.0,1144.49),
     (10288,'2004-09-01',166,'S24_1628',50.0,1144.49);
INSERT INTO raw_layer.crm_orders (order_id,order_date,customer_id,product_id,quantity,sales) VALUES
     (10288,'2004-09-01',166,'S24_1937',29.0,1144.49),
     (10288,'2004-09-01',166,'S24_2766',35.0,1144.49),
     (10288,'2004-09-01',166,'S24_2887',48.0,1144.49),
     (10288,'2004-09-01',166,'S24_3191',34.0,1144.49),
     (10288,'2004-09-01',166,'S24_3432',41.0,1144.49),
     (10288,'2004-09-01',166,'S24_3969',33.0,1144.49),
     (10289,'2004-09-03',167,'S18_1342',38.0,320.19),
     (10289,'2004-09-03',167,'S18_1367',24.0,320.19),
     (10289,'2004-09-03',167,'S18_2795',43.0,320.19),
     (10289,'2004-09-03',167,'S24_2022',45.0,320.19);
INSERT INTO raw_layer.crm_orders (order_id,order_date,customer_id,product_id,quantity,sales) VALUES
     (10290,'2004-09-07',198,'S18_3320',26.0,164.12),
     (10290,'2004-09-07',198,'S24_4258',45.0,164.12),
     (10291,'2004-09-08',448,'S10_1949',37.0,1347.49),
     (10291,'2004-09-08',448,'S10_4962',30.0,1347.49),
     (10291,'2004-09-08',448,'S12_1666',41.0,1347.49),
     (10291,'2004-09-08',448,'S18_1097',41.0,1347.49),
     (10291,'2004-09-08',448,'S18_2432',26.0,1347.49),
     (10291,'2004-09-08',448,'S18_2949',47.0,1347.49),
     (10291,'2004-09-08',448,'S18_2957',37.0,1347.49),
     (10291,'2004-09-08',448,'S18_3136',23.0,1347.49);
INSERT INTO raw_layer.crm_orders (order_id,order_date,customer_id,product_id,quantity,sales) VALUES
     (10291,'2004-09-08',448,'S18_4600',48.0,1347.49),
     (10291,'2004-09-08',448,'S18_4668',29.0,1347.49),
     (10291,'2004-09-08',448,'S24_2300',48.0,1347.49),
     (10291,'2004-09-08',448,'S32_1268',26.0,1347.49),
     (10291,'2004-09-08',448,'S32_3522',32.0,1347.49),
     (10291,'2004-09-08',448,'S700_2824',28.0,1347.49),
     (10292,'2004-09-08',131,'S12_4473',21.0,1074.3201),
     (10292,'2004-09-08',131,'S18_2238',26.0,1074.3201),
     (10292,'2004-09-08',131,'S18_2319',41.0,1074.3201),
     (10292,'2004-09-08',131,'S18_3232',21.0,1074.3201);
INSERT INTO raw_layer.crm_orders (order_id,order_date,customer_id,product_id,quantity,sales) VALUES
     (10292,'2004-09-08',131,'S18_4027',44.0,1074.3201),
     (10292,'2004-09-08',131,'S24_1444',40.0,1074.3201),
     (10292,'2004-09-08',131,'S24_2840',39.0,1074.3201),
     (10292,'2004-09-08',131,'S24_4048',27.0,1074.3201),
     (10292,'2004-09-08',131,'S32_2509',50.0,1074.3201),
     (10292,'2004-09-08',131,'S32_3207',31.0,1074.3201),
     (10292,'2004-09-08',131,'S50_1392',41.0,1074.3201),
     (10292,'2004-09-08',131,'S50_1514',35.0,1074.3201),
     (10293,'2004-09-09',249,'S12_1108',46.0,1004.58997),
     (10293,'2004-09-09',249,'S12_3148',24.0,1004.58997);
INSERT INTO raw_layer.crm_orders (order_id,order_date,customer_id,product_id,quantity,sales) VALUES
     (10293,'2004-09-09',249,'S12_3891',45.0,1004.58997),
     (10293,'2004-09-09',249,'S18_3140',24.0,1004.58997),
     (10293,'2004-09-09',249,'S18_3259',22.0,1004.58997),
     (10293,'2004-09-09',249,'S18_4522',49.0,1004.58997),
     (10293,'2004-09-09',249,'S24_2011',21.0,1004.58997),
     (10293,'2004-09-09',249,'S700_1938',29.0,1004.58997),
     (10293,'2004-09-09',249,'S72_3212',32.0,1004.58997),
     (10294,'2004-09-10',204,'S700_3962',45.0,98.32),
     (10295,'2004-09-10',362,'S10_4757',24.0,446.8),
     (10295,'2004-09-10',362,'S24_3151',46.0,446.8);
INSERT INTO raw_layer.crm_orders (order_id,order_date,customer_id,product_id,quantity,sales) VALUES
     (10295,'2004-09-10',362,'S700_1138',26.0,446.8),
     (10295,'2004-09-10',362,'S700_2610',44.0,446.8),
     (10295,'2004-09-10',362,'S700_3505',34.0,446.8),
     (10296,'2004-09-15',415,'S18_1662',36.0,1079.12),
     (10296,'2004-09-15',415,'S18_3029',21.0,1079.12),
     (10296,'2004-09-15',415,'S18_3856',22.0,1079.12),
     (10296,'2004-09-15',415,'S24_2841',21.0,1079.12),
     (10296,'2004-09-15',415,'S24_3420',31.0,1079.12),
     (10296,'2004-09-15',415,'S24_3816',22.0,1079.12),
     (10296,'2004-09-15',415,'S24_3949',32.0,1079.12);
INSERT INTO raw_layer.crm_orders (order_id,order_date,customer_id,product_id,quantity,sales) VALUES
     (10296,'2004-09-15',415,'S50_1341',26.0,1079.12),
     (10296,'2004-09-15',415,'S700_1691',42.0,1079.12),
     (10296,'2004-09-15',415,'S700_2047',34.0,1079.12),
     (10296,'2004-09-15',415,'S700_2466',24.0,1079.12),
     (10296,'2004-09-15',415,'S700_3167',22.0,1079.12),
     (10296,'2004-09-15',415,'S700_4002',47.0,1079.12),
     (10296,'2004-09-15',415,'S72_1253',21.0,1079.12),
     (10297,'2004-09-16',189,'S18_2581',25.0,594.71),
     (10297,'2004-09-16',189,'S24_1785',32.0,594.71),
     (10297,'2004-09-16',189,'S24_2000',32.0,594.71);
INSERT INTO raw_layer.crm_orders (order_id,order_date,customer_id,product_id,quantity,sales) VALUES
     (10297,'2004-09-16',189,'S24_4278',23.0,594.71),
     (10297,'2004-09-16',189,'S32_1374',26.0,594.71),
     (10297,'2004-09-16',189,'S32_4289',28.0,594.71),
     (10297,'2004-09-16',189,'S700_2834',35.0,594.71),
     (10298,'2004-09-27',103,'S10_2016',39.0,166.43),
     (10298,'2004-09-27',103,'S18_2625',32.0,166.43),
     (10299,'2004-09-30',186,'S10_1678',23.0,976.32),
     (10299,'2004-09-30',186,'S10_4698',29.0,976.32),
     (10299,'2004-09-30',186,'S12_2823',24.0,976.32),
     (10299,'2004-09-30',186,'S18_3782',39.0,976.32);
INSERT INTO raw_layer.crm_orders (order_id,order_date,customer_id,product_id,quantity,sales) VALUES
     (10299,'2004-09-30',186,'S18_4721',49.0,976.32),
     (10299,'2004-09-30',186,'S24_1578',47.0,976.32),
     (10299,'2004-09-30',186,'S24_2360',33.0,976.32),
     (10299,'2004-09-30',186,'S24_4620',32.0,976.32),
     (10299,'2004-09-30',186,'S32_2206',24.0,976.32),
     (10299,'2004-09-30',186,'S32_4485',38.0,976.32),
     (10299,'2004-09-30',186,'S50_4713',44.0,976.32),
     (10300,'2003-10-04',128,'S12_1099',33.0,798.48),
     (10300,'2003-10-04',128,'S12_3380',29.0,798.48),
     (10300,'2003-10-04',128,'S12_3990',22.0,798.48);
INSERT INTO raw_layer.crm_orders (order_id,order_date,customer_id,product_id,quantity,sales) VALUES
     (10300,'2003-10-04',128,'S12_4675',23.0,798.48),
     (10300,'2003-10-04',128,'S18_1889',41.0,798.48),
     (10300,'2003-10-04',128,'S18_3278',49.0,798.48),
     (10300,'2003-10-04',128,'S18_3482',23.0,798.48),
     (10300,'2003-10-04',128,'S24_3371',31.0,798.48),
     (10301,'2003-10-05',299,'S18_1129',37.0,1084.8099),
     (10301,'2003-10-05',299,'S18_1589',32.0,1084.8099),
     (10301,'2003-10-05',299,'S18_1984',47.0,1084.8099),
     (10301,'2003-10-05',299,'S18_2870',22.0,1084.8099),
     (10301,'2003-10-05',299,'S18_3232',23.0,1084.8099);
INSERT INTO raw_layer.crm_orders (order_id,order_date,customer_id,product_id,quantity,sales) VALUES
     (10301,'2003-10-05',299,'S18_3685',39.0,1084.8099),
     (10301,'2003-10-05',299,'S24_1046',27.0,1084.8099),
     (10301,'2003-10-05',299,'S24_1628',22.0,1084.8099),
     (10301,'2003-10-05',299,'S24_2972',48.0,1084.8099),
     (10301,'2003-10-05',299,'S24_3432',22.0,1084.8099),
     (10301,'2003-10-05',299,'S24_3856',50.0,1084.8099),
     (10302,'2003-10-06',201,'S18_1749',43.0,574.41003),
     (10302,'2003-10-06',201,'S18_4409',38.0,574.41003),
     (10302,'2003-10-06',201,'S18_4933',23.0,574.41003),
     (10302,'2003-10-06',201,'S24_2766',49.0,574.41003);
INSERT INTO raw_layer.crm_orders (order_id,order_date,customer_id,product_id,quantity,sales) VALUES
     (10302,'2003-10-06',201,'S24_2887',45.0,574.41003),
     (10302,'2003-10-06',201,'S24_3191',48.0,574.41003),
     (10303,'2004-10-06',484,'S18_2248',46.0,92.61),
     (10303,'2004-10-06',484,'S24_3969',24.0,92.61),
     (10304,'2004-10-11',256,'S10_1949',47.0,1479.94),
     (10304,'2004-10-11',256,'S12_1666',39.0,1479.94),
     (10304,'2004-10-11',256,'S18_1097',46.0,1479.94),
     (10304,'2004-10-11',256,'S18_1342',37.0,1479.94),
     (10304,'2004-10-11',256,'S18_1367',37.0,1479.94),
     (10304,'2004-10-11',256,'S18_2325',24.0,1479.94);
INSERT INTO raw_layer.crm_orders (order_id,order_date,customer_id,product_id,quantity,sales) VALUES
     (10304,'2004-10-11',256,'S18_2795',20.0,1479.94),
     (10304,'2004-10-11',256,'S18_2949',46.0,1479.94),
     (10304,'2004-10-11',256,'S18_2957',24.0,1479.94),
     (10304,'2004-10-11',256,'S18_3136',26.0,1479.94),
     (10304,'2004-10-11',256,'S18_3320',38.0,1479.94),
     (10304,'2004-10-11',256,'S18_4668',34.0,1479.94),
     (10304,'2004-10-11',256,'S24_1937',23.0,1479.94),
     (10304,'2004-10-11',256,'S24_2022',44.0,1479.94),
     (10304,'2004-10-11',256,'S24_4258',33.0,1479.94),
     (10304,'2004-10-11',256,'S32_3522',36.0,1479.94);
INSERT INTO raw_layer.crm_orders (order_id,order_date,customer_id,product_id,quantity,sales) VALUES
     (10304,'2004-10-11',256,'S700_2824',40.0,1479.94),
     (10305,'2004-10-13',286,'S10_4962',38.0,1378.6799),
     (10305,'2004-10-13',286,'S12_4473',38.0,1378.6799),
     (10305,'2004-10-13',286,'S18_2238',27.0,1378.6799),
     (10305,'2004-10-13',286,'S18_2319',36.0,1378.6799),
     (10305,'2004-10-13',286,'S18_2432',41.0,1378.6799),
     (10305,'2004-10-13',286,'S18_3232',37.0,1378.6799),
     (10305,'2004-10-13',286,'S18_4600',22.0,1378.6799),
     (10305,'2004-10-13',286,'S24_1444',45.0,1378.6799),
     (10305,'2004-10-13',286,'S24_2300',24.0,1378.6799);
INSERT INTO raw_layer.crm_orders (order_id,order_date,customer_id,product_id,quantity,sales) VALUES
     (10305,'2004-10-13',286,'S24_2840',48.0,1378.6799),
     (10305,'2004-10-13',286,'S24_4048',36.0,1378.6799),
     (10305,'2004-10-13',286,'S32_1268',28.0,1378.6799),
     (10305,'2004-10-13',286,'S32_2509',40.0,1378.6799),
     (10305,'2004-10-13',286,'S50_1392',42.0,1378.6799),
     (10306,'2004-10-14',187,'S12_1108',31.0,1612.26),
     (10306,'2004-10-14',187,'S12_3148',34.0,1612.26),
     (10306,'2004-10-14',187,'S12_3891',20.0,1612.26),
     (10306,'2004-10-14',187,'S18_3140',32.0,1612.26),
     (10306,'2004-10-14',187,'S18_3259',40.0,1612.26);
INSERT INTO raw_layer.crm_orders (order_id,order_date,customer_id,product_id,quantity,sales) VALUES
     (10306,'2004-10-14',187,'S18_4027',23.0,1612.26),
     (10306,'2004-10-14',187,'S18_4522',39.0,1612.26),
     (10306,'2004-10-14',187,'S24_2011',29.0,1612.26),
     (10306,'2004-10-14',187,'S24_3151',31.0,1612.26),
     (10306,'2004-10-14',187,'S32_3207',46.0,1612.26),
     (10306,'2004-10-14',187,'S50_1514',34.0,1612.26),
     (10306,'2004-10-14',187,'S700_1138',50.0,1612.26),
     (10306,'2004-10-14',187,'S700_1938',38.0,1612.26),
     (10306,'2004-10-14',187,'S700_2610',43.0,1612.26),
     (10306,'2004-10-14',187,'S700_3505',32.0,1612.26);
INSERT INTO raw_layer.crm_orders (order_id,order_date,customer_id,product_id,quantity,sales) VALUES
     (10306,'2004-10-14',187,'S700_3962',30.0,1612.26),
     (10306,'2004-10-14',187,'S72_3212',35.0,1612.26),
     (10307,'2004-10-14',339,'S10_4757',22.0,741.25),
     (10307,'2004-10-14',339,'S18_1662',39.0,741.25),
     (10307,'2004-10-14',339,'S18_3029',31.0,741.25),
     (10307,'2004-10-14',339,'S18_3856',48.0,741.25),
     (10307,'2004-10-14',339,'S24_2841',25.0,741.25),
     (10307,'2004-10-14',339,'S24_3420',22.0,741.25),
     (10307,'2004-10-14',339,'S24_3816',22.0,741.25),
     (10307,'2004-10-14',339,'S700_2047',34.0,741.25);
INSERT INTO raw_layer.crm_orders (order_id,order_date,customer_id,product_id,quantity,sales) VALUES
     (10307,'2004-10-14',339,'S72_1253',34.0,741.25),
     (10308,'2004-10-15',319,'S10_2016',34.0,1334.48),
     (10308,'2004-10-15',319,'S10_4698',20.0,1334.48),
     (10308,'2004-10-15',319,'S18_2581',27.0,1334.48),
     (10308,'2004-10-15',319,'S18_2625',34.0,1334.48),
     (10308,'2004-10-15',319,'S24_1785',31.0,1334.48),
     (10308,'2004-10-15',319,'S24_2000',47.0,1334.48),
     (10308,'2004-10-15',319,'S24_3949',43.0,1334.48),
     (10308,'2004-10-15',319,'S24_4278',44.0,1334.48),
     (10308,'2004-10-15',319,'S32_1374',24.0,1334.48);
INSERT INTO raw_layer.crm_orders (order_id,order_date,customer_id,product_id,quantity,sales) VALUES
     (10308,'2004-10-15',319,'S32_4289',46.0,1334.48),
     (10308,'2004-10-15',319,'S50_1341',47.0,1334.48),
     (10308,'2004-10-15',319,'S700_1691',21.0,1334.48),
     (10308,'2004-10-15',319,'S700_2466',35.0,1334.48),
     (10308,'2004-10-15',319,'S700_2834',31.0,1334.48),
     (10308,'2004-10-15',319,'S700_3167',21.0,1334.48),
     (10308,'2004-10-15',319,'S700_4002',39.0,1334.48),
     (10309,'2004-10-15',121,'S10_1678',41.0,563.75),
     (10309,'2004-10-15',121,'S12_2823',26.0,563.75),
     (10309,'2004-10-15',121,'S24_1578',21.0,563.75);
INSERT INTO raw_layer.crm_orders (order_id,order_date,customer_id,product_id,quantity,sales) VALUES
     (10309,'2004-10-15',121,'S24_2360',24.0,563.75),
     (10309,'2004-10-15',121,'S32_4485',50.0,563.75),
     (10309,'2004-10-15',121,'S50_4713',28.0,563.75),
     (10310,'2004-10-16',259,'S12_1099',33.0,1656.26),
     (10310,'2004-10-16',259,'S12_3380',24.0,1656.26),
     (10310,'2004-10-16',259,'S12_3990',49.0,1656.26),
     (10310,'2004-10-16',259,'S12_4675',25.0,1656.26),
     (10310,'2004-10-16',259,'S18_1129',37.0,1656.26),
     (10310,'2004-10-16',259,'S18_1889',20.0,1656.26),
     (10310,'2004-10-16',259,'S18_1984',24.0,1656.26);
INSERT INTO raw_layer.crm_orders (order_id,order_date,customer_id,product_id,quantity,sales) VALUES
     (10310,'2004-10-16',259,'S18_3232',48.0,1656.26),
     (10310,'2004-10-16',259,'S18_3278',27.0,1656.26),
     (10310,'2004-10-16',259,'S18_3482',49.0,1656.26),
     (10310,'2004-10-16',259,'S18_3782',42.0,1656.26),
     (10310,'2004-10-16',259,'S18_4721',40.0,1656.26),
     (10310,'2004-10-16',259,'S24_2972',33.0,1656.26),
     (10310,'2004-10-16',259,'S24_3371',38.0,1656.26),
     (10310,'2004-10-16',259,'S24_3856',45.0,1656.26),
     (10310,'2004-10-16',259,'S24_4620',49.0,1656.26),
     (10310,'2004-10-16',259,'S32_2206',36.0,1656.26);
INSERT INTO raw_layer.crm_orders (order_id,order_date,customer_id,product_id,quantity,sales) VALUES
     (10311,'2004-10-16',141,'S18_1589',29.0,1033.82),
     (10311,'2004-10-16',141,'S18_2870',43.0,1033.82),
     (10311,'2004-10-16',141,'S18_3685',32.0,1033.82),
     (10311,'2004-10-16',141,'S18_4409',41.0,1033.82),
     (10311,'2004-10-16',141,'S18_4933',25.0,1033.82),
     (10311,'2004-10-16',141,'S24_1046',26.0,1033.82),
     (10311,'2004-10-16',141,'S24_1628',45.0,1033.82),
     (10311,'2004-10-16',141,'S24_2766',28.0,1033.82),
     (10311,'2004-10-16',141,'S24_2887',43.0,1033.82),
     (10311,'2004-10-16',141,'S24_3191',25.0,1033.82);
INSERT INTO raw_layer.crm_orders (order_id,order_date,customer_id,product_id,quantity,sales) VALUES
     (10311,'2004-10-16',141,'S24_3432',46.0,1033.82),
     (10312,'2004-10-21',124,'S10_1949',48.0,1494.19),
     (10312,'2004-10-21',124,'S18_1097',32.0,1494.19),
     (10312,'2004-10-21',124,'S18_1342',43.0,1494.19),
     (10312,'2004-10-21',124,'S18_1367',25.0,1494.19),
     (10312,'2004-10-21',124,'S18_1749',48.0,1494.19),
     (10312,'2004-10-21',124,'S18_2248',30.0,1494.19),
     (10312,'2004-10-21',124,'S18_2325',31.0,1494.19),
     (10312,'2004-10-21',124,'S18_2795',25.0,1494.19),
     (10312,'2004-10-21',124,'S18_2949',37.0,1494.19);
INSERT INTO raw_layer.crm_orders (order_id,order_date,customer_id,product_id,quantity,sales) VALUES
     (10312,'2004-10-21',124,'S18_2957',35.0,1494.19),
     (10312,'2004-10-21',124,'S18_3136',38.0,1494.19),
     (10312,'2004-10-21',124,'S18_3320',33.0,1494.19),
     (10312,'2004-10-21',124,'S18_4668',39.0,1494.19),
     (10312,'2004-10-21',124,'S24_1937',39.0,1494.19),
     (10312,'2004-10-21',124,'S24_2022',23.0,1494.19),
     (10312,'2004-10-21',124,'S24_3969',31.0,1494.19),
     (10312,'2004-10-21',124,'S24_4258',44.0,1494.19),
     (10313,'2004-10-22',202,'S10_4962',40.0,1088.17),
     (10313,'2004-10-22',202,'S12_1666',21.0,1088.17);
INSERT INTO raw_layer.crm_orders (order_id,order_date,customer_id,product_id,quantity,sales) VALUES
     (10313,'2004-10-22',202,'S18_2319',29.0,1088.17),
     (10313,'2004-10-22',202,'S18_2432',34.0,1088.17),
     (10313,'2004-10-22',202,'S18_3232',25.0,1088.17),
     (10313,'2004-10-22',202,'S18_4600',28.0,1088.17),
     (10313,'2004-10-22',202,'S24_2300',42.0,1088.17),
     (10313,'2004-10-22',202,'S32_1268',27.0,1088.17),
     (10313,'2004-10-22',202,'S32_2509',38.0,1088.17),
     (10313,'2004-10-22',202,'S32_3522',34.0,1088.17),
     (10313,'2004-10-22',202,'S700_2824',30.0,1088.17),
     (10314,'2004-10-22',227,'S12_1108',38.0,1549.34);
INSERT INTO raw_layer.crm_orders (order_id,order_date,customer_id,product_id,quantity,sales) VALUES
     (10314,'2004-10-22',227,'S12_3148',46.0,1549.34),
     (10314,'2004-10-22',227,'S12_3891',36.0,1549.34),
     (10314,'2004-10-22',227,'S12_4473',45.0,1549.34),
     (10314,'2004-10-22',227,'S18_2238',42.0,1549.34),
     (10314,'2004-10-22',227,'S18_3140',20.0,1549.34),
     (10314,'2004-10-22',227,'S18_3259',23.0,1549.34),
     (10314,'2004-10-22',227,'S18_4027',29.0,1549.34),
     (10314,'2004-10-22',227,'S24_1444',44.0,1549.34),
     (10314,'2004-10-22',227,'S24_2840',39.0,1549.34),
     (10314,'2004-10-22',227,'S24_4048',38.0,1549.34);
INSERT INTO raw_layer.crm_orders (order_id,order_date,customer_id,product_id,quantity,sales) VALUES
     (10314,'2004-10-22',227,'S32_3207',35.0,1549.34),
     (10314,'2004-10-22',227,'S50_1392',28.0,1549.34),
     (10314,'2004-10-22',227,'S50_1514',38.0,1549.34),
     (10314,'2004-10-22',227,'S700_1938',23.0,1549.34),
     (10315,'2004-10-29',119,'S18_4522',36.0,568.27),
     (10315,'2004-10-29',119,'S24_2011',35.0,568.27),
     (10315,'2004-10-29',119,'S24_3151',24.0,568.27),
     (10315,'2004-10-29',119,'S700_1138',41.0,568.27),
     (10315,'2004-10-29',119,'S700_3505',31.0,568.27),
     (10315,'2004-10-29',119,'S700_3962',37.0,568.27);
INSERT INTO raw_layer.crm_orders (order_id,order_date,customer_id,product_id,quantity,sales) VALUES
     (10315,'2004-10-29',119,'S72_3212',40.0,568.27),
     (10316,'2004-11-01',240,'S10_4757',33.0,1375.59),
     (10316,'2004-11-01',240,'S18_1662',27.0,1375.59),
     (10316,'2004-11-01',240,'S18_3029',21.0,1375.59),
     (10316,'2004-11-01',240,'S18_3856',47.0,1375.59),
     (10316,'2004-11-01',240,'S24_1785',25.0,1375.59),
     (10316,'2004-11-01',240,'S24_2841',34.0,1375.59),
     (10316,'2004-11-01',240,'S24_3420',47.0,1375.59),
     (10316,'2004-11-01',240,'S24_3816',25.0,1375.59),
     (10316,'2004-11-01',240,'S24_3949',30.0,1375.59);
INSERT INTO raw_layer.crm_orders (order_id,order_date,customer_id,product_id,quantity,sales) VALUES
     (10316,'2004-11-01',240,'S32_4289',24.0,1375.59),
     (10316,'2004-11-01',240,'S50_1341',34.0,1375.59),
     (10316,'2004-11-01',240,'S700_1691',34.0,1375.59),
     (10316,'2004-11-01',240,'S700_2047',45.0,1375.59),
     (10316,'2004-11-01',240,'S700_2466',23.0,1375.59),
     (10316,'2004-11-01',240,'S700_2610',48.0,1375.59),
     (10316,'2004-11-01',240,'S700_3167',48.0,1375.59),
     (10316,'2004-11-01',240,'S700_4002',44.0,1375.59),
     (10316,'2004-11-01',240,'S72_1253',34.0,1375.59),
     (10317,'2004-11-02',161,'S24_4278',35.0,69.55);
INSERT INTO raw_layer.crm_orders (order_id,order_date,customer_id,product_id,quantity,sales) VALUES
     (10318,'2004-11-02',157,'S10_1678',46.0,846.35),
     (10318,'2004-11-02',157,'S10_2016',45.0,846.35),
     (10318,'2004-11-02',157,'S10_4698',37.0,846.35),
     (10318,'2004-11-02',157,'S18_2581',31.0,846.35),
     (10318,'2004-11-02',157,'S18_2625',42.0,846.35),
     (10318,'2004-11-02',157,'S24_1578',48.0,846.35),
     (10318,'2004-11-02',157,'S24_2000',26.0,846.35),
     (10318,'2004-11-02',157,'S32_1374',47.0,846.35),
     (10318,'2004-11-02',157,'S700_2834',50.0,846.35),
     (10319,'2004-11-03',456,'S12_2823',30.0,742.37);
INSERT INTO raw_layer.crm_orders (order_id,order_date,customer_id,product_id,quantity,sales) VALUES
     (10319,'2004-11-03',456,'S18_3278',46.0,742.37),
     (10319,'2004-11-03',456,'S18_3782',44.0,742.37),
     (10319,'2004-11-03',456,'S18_4721',45.0,742.37),
     (10319,'2004-11-03',456,'S24_2360',31.0,742.37),
     (10319,'2004-11-03',456,'S24_4620',43.0,742.37),
     (10319,'2004-11-03',456,'S32_2206',29.0,742.37),
     (10319,'2004-11-03',456,'S32_4485',22.0,742.37),
     (10319,'2004-11-03',456,'S50_4713',45.0,742.37),
     (10320,'2004-11-03',144,'S12_1099',31.0,551.11),
     (10320,'2004-11-03',144,'S12_3380',35.0,551.11);
INSERT INTO raw_layer.crm_orders (order_id,order_date,customer_id,product_id,quantity,sales) VALUES
     (10320,'2004-11-03',144,'S12_3990',38.0,551.11),
     (10320,'2004-11-03',144,'S18_3482',25.0,551.11),
     (10320,'2004-11-03',144,'S24_3371',26.0,551.11),
     (10321,'2004-11-04',462,'S12_4675',24.0,1535.5599),
     (10321,'2004-11-04',462,'S18_1129',41.0,1535.5599),
     (10321,'2004-11-04',462,'S18_1589',44.0,1535.5599),
     (10321,'2004-11-04',462,'S18_1889',37.0,1535.5599),
     (10321,'2004-11-04',462,'S18_1984',25.0,1535.5599),
     (10321,'2004-11-04',462,'S18_2870',27.0,1535.5599),
     (10321,'2004-11-04',462,'S18_3232',33.0,1535.5599);
INSERT INTO raw_layer.crm_orders (order_id,order_date,customer_id,product_id,quantity,sales) VALUES
     (10321,'2004-11-04',462,'S18_3685',28.0,1535.5599),
     (10321,'2004-11-04',462,'S24_1046',30.0,1535.5599),
     (10321,'2004-11-04',462,'S24_1628',48.0,1535.5599),
     (10321,'2004-11-04',462,'S24_2766',30.0,1535.5599),
     (10321,'2004-11-04',462,'S24_2972',37.0,1535.5599),
     (10321,'2004-11-04',462,'S24_3191',39.0,1535.5599),
     (10321,'2004-11-04',462,'S24_3432',21.0,1535.5599),
     (10321,'2004-11-04',462,'S24_3856',26.0,1535.5599),
     (10322,'2004-11-04',363,'S10_1949',40.0,1345.23),
     (10322,'2004-11-04',363,'S10_4962',46.0,1345.23);
INSERT INTO raw_layer.crm_orders (order_id,order_date,customer_id,product_id,quantity,sales) VALUES
     (10322,'2004-11-04',363,'S12_1666',27.0,1345.23),
     (10322,'2004-11-04',363,'S18_1097',22.0,1345.23),
     (10322,'2004-11-04',363,'S18_1342',43.0,1345.23),
     (10322,'2004-11-04',363,'S18_1367',41.0,1345.23),
     (10322,'2004-11-04',363,'S18_2325',50.0,1345.23),
     (10322,'2004-11-04',363,'S18_2432',35.0,1345.23),
     (10322,'2004-11-04',363,'S18_2795',36.0,1345.23),
     (10322,'2004-11-04',363,'S18_2949',33.0,1345.23),
     (10322,'2004-11-04',363,'S18_2957',41.0,1345.23),
     (10322,'2004-11-04',363,'S18_3136',48.0,1345.23);
INSERT INTO raw_layer.crm_orders (order_id,order_date,customer_id,product_id,quantity,sales) VALUES
     (10322,'2004-11-04',363,'S24_1937',20.0,1345.23),
     (10322,'2004-11-04',363,'S24_2022',30.0,1345.23),
     (10323,'2004-11-05',128,'S18_3320',33.0,185.16),
     (10323,'2004-11-05',128,'S18_4600',47.0,185.16),
     (10324,'2004-11-05',181,'S12_3148',27.0,1319.42),
     (10324,'2004-11-05',181,'S12_4473',26.0,1319.42),
     (10324,'2004-11-05',181,'S18_2238',47.0,1319.42),
     (10324,'2004-11-05',181,'S18_2319',33.0,1319.42),
     (10324,'2004-11-05',181,'S18_3232',27.0,1319.42),
     (10324,'2004-11-05',181,'S18_4027',49.0,1319.42);
INSERT INTO raw_layer.crm_orders (order_id,order_date,customer_id,product_id,quantity,sales) VALUES
     (10324,'2004-11-05',181,'S18_4668',38.0,1319.42),
     (10324,'2004-11-05',181,'S24_1444',25.0,1319.42),
     (10324,'2004-11-05',181,'S24_2300',31.0,1319.42),
     (10324,'2004-11-05',181,'S24_2840',30.0,1319.42),
     (10324,'2004-11-05',181,'S24_4258',33.0,1319.42),
     (10324,'2004-11-05',181,'S32_1268',20.0,1319.42),
     (10324,'2004-11-05',181,'S32_3522',48.0,1319.42),
     (10324,'2004-11-05',181,'S700_2824',34.0,1319.42),
     (10325,'2004-11-05',121,'S10_4757',47.0,955.8),
     (10325,'2004-11-05',121,'S12_1108',42.0,955.8);
INSERT INTO raw_layer.crm_orders (order_id,order_date,customer_id,product_id,quantity,sales) VALUES
     (10325,'2004-11-05',121,'S12_3891',24.0,955.8),
     (10325,'2004-11-05',121,'S18_3140',24.0,955.8),
     (10325,'2004-11-05',121,'S24_4048',44.0,955.8),
     (10325,'2004-11-05',121,'S32_2509',38.0,955.8),
     (10325,'2004-11-05',121,'S32_3207',28.0,955.8),
     (10325,'2004-11-05',121,'S50_1392',38.0,955.8),
     (10325,'2004-11-05',121,'S50_1514',44.0,955.8),
     (10326,'2004-11-09',144,'S18_3259',32.0,517.7),
     (10326,'2004-11-09',144,'S18_4522',50.0,517.7),
     (10326,'2004-11-09',144,'S24_2011',41.0,517.7);
INSERT INTO raw_layer.crm_orders (order_id,order_date,customer_id,product_id,quantity,sales) VALUES
     (10326,'2004-11-09',144,'S24_3151',41.0,517.7),
     (10326,'2004-11-09',144,'S24_3816',20.0,517.7),
     (10326,'2004-11-09',144,'S700_1138',39.0,517.7),
     (10327,'2004-11-10',145,'S18_1662',25.0,665.06),
     (10327,'2004-11-10',145,'S18_2581',45.0,665.06),
     (10327,'2004-11-10',145,'S18_3029',25.0,665.06),
     (10327,'2004-11-10',145,'S700_1938',20.0,665.06),
     (10327,'2004-11-10',145,'S700_2610',21.0,665.06),
     (10327,'2004-11-10',145,'S700_3505',43.0,665.06),
     (10327,'2004-11-10',145,'S700_3962',37.0,665.06);
INSERT INTO raw_layer.crm_orders (order_id,order_date,customer_id,product_id,quantity,sales) VALUES
     (10327,'2004-11-10',145,'S72_3212',37.0,665.06),
     (10328,'2004-11-12',278,'S18_3856',34.0,1054.8),
     (10328,'2004-11-12',278,'S24_1785',47.0,1054.8),
     (10328,'2004-11-12',278,'S24_2841',48.0,1054.8),
     (10328,'2004-11-12',278,'S24_3420',20.0,1054.8),
     (10328,'2004-11-12',278,'S24_3949',35.0,1054.8),
     (10328,'2004-11-12',278,'S24_4278',43.0,1054.8),
     (10328,'2004-11-12',278,'S32_4289',24.0,1054.8),
     (10328,'2004-11-12',278,'S50_1341',34.0,1054.8),
     (10328,'2004-11-12',278,'S700_1691',27.0,1054.8);
INSERT INTO raw_layer.crm_orders (order_id,order_date,customer_id,product_id,quantity,sales) VALUES
     (10328,'2004-11-12',278,'S700_2047',41.0,1054.8),
     (10328,'2004-11-12',278,'S700_2466',37.0,1054.8),
     (10328,'2004-11-12',278,'S700_2834',33.0,1054.8),
     (10328,'2004-11-12',278,'S700_3167',33.0,1054.8),
     (10328,'2004-11-12',278,'S700_4002',39.0,1054.8),
     (10329,'2004-11-15',131,'S10_1678',42.0,1445.1),
     (10329,'2004-11-15',131,'S10_2016',20.0,1445.1),
     (10329,'2004-11-15',131,'S10_4698',26.0,1445.1),
     (10329,'2004-11-15',131,'S12_1099',41.0,1445.1),
     (10329,'2004-11-15',131,'S12_2823',24.0,1445.1);
INSERT INTO raw_layer.crm_orders (order_id,order_date,customer_id,product_id,quantity,sales) VALUES
     (10329,'2004-11-15',131,'S12_3380',46.0,1445.1),
     (10329,'2004-11-15',131,'S12_3990',33.0,1445.1),
     (10329,'2004-11-15',131,'S12_4675',39.0,1445.1),
     (10329,'2004-11-15',131,'S18_1889',29.0,1445.1),
     (10329,'2004-11-15',131,'S18_2625',38.0,1445.1),
     (10329,'2004-11-15',131,'S18_3278',38.0,1445.1),
     (10329,'2004-11-15',131,'S24_1578',30.0,1445.1),
     (10329,'2004-11-15',131,'S24_2000',37.0,1445.1),
     (10329,'2004-11-15',131,'S32_1374',45.0,1445.1),
     (10329,'2004-11-15',131,'S72_1253',44.0,1445.1);
INSERT INTO raw_layer.crm_orders (order_id,order_date,customer_id,product_id,quantity,sales) VALUES
     (10330,'2004-11-16',385,'S18_3482',37.0,385.78),
     (10330,'2004-11-16',385,'S18_3782',29.0,385.78),
     (10330,'2004-11-16',385,'S18_4721',50.0,385.78),
     (10330,'2004-11-16',385,'S24_2360',42.0,385.78),
     (10331,'2004-11-17',486,'S18_1129',46.0,1451.4299),
     (10331,'2004-11-17',486,'S18_1589',44.0,1451.4299),
     (10331,'2004-11-17',486,'S18_1749',44.0,1451.4299),
     (10331,'2004-11-17',486,'S18_1984',30.0,1451.4299),
     (10331,'2004-11-17',486,'S18_2870',26.0,1451.4299),
     (10331,'2004-11-17',486,'S18_3232',27.0,1451.4299);
INSERT INTO raw_layer.crm_orders (order_id,order_date,customer_id,product_id,quantity,sales) VALUES
     (10331,'2004-11-17',486,'S18_3685',26.0,1451.4299),
     (10331,'2004-11-17',486,'S24_2972',27.0,1451.4299),
     (10331,'2004-11-17',486,'S24_3371',25.0,1451.4299),
     (10331,'2004-11-17',486,'S24_3856',21.0,1451.4299),
     (10331,'2004-11-17',486,'S24_4620',41.0,1451.4299),
     (10331,'2004-11-17',486,'S32_2206',28.0,1451.4299),
     (10331,'2004-11-17',486,'S32_4485',32.0,1451.4299),
     (10331,'2004-11-17',486,'S50_4713',20.0,1451.4299),
     (10332,'2004-11-17',187,'S18_1342',46.0,1347.08),
     (10332,'2004-11-17',187,'S18_1367',27.0,1347.08);
INSERT INTO raw_layer.crm_orders (order_id,order_date,customer_id,product_id,quantity,sales) VALUES
     (10332,'2004-11-17',187,'S18_2248',38.0,1347.08),
     (10332,'2004-11-17',187,'S18_2325',35.0,1347.08),
     (10332,'2004-11-17',187,'S18_2795',24.0,1347.08),
     (10332,'2004-11-17',187,'S18_2957',26.0,1347.08),
     (10332,'2004-11-17',187,'S18_3136',40.0,1347.08),
     (10332,'2004-11-17',187,'S18_4409',50.0,1347.08),
     (10332,'2004-11-17',187,'S18_4933',21.0,1347.08),
     (10332,'2004-11-17',187,'S24_1046',23.0,1347.08),
     (10332,'2004-11-17',187,'S24_1628',20.0,1347.08),
     (10332,'2004-11-17',187,'S24_1937',45.0,1347.08);
INSERT INTO raw_layer.crm_orders (order_id,order_date,customer_id,product_id,quantity,sales) VALUES
     (10332,'2004-11-17',187,'S24_2022',26.0,1347.08),
     (10332,'2004-11-17',187,'S24_2766',39.0,1347.08),
     (10332,'2004-11-17',187,'S24_2887',44.0,1347.08),
     (10332,'2004-11-17',187,'S24_3191',45.0,1347.08),
     (10332,'2004-11-17',187,'S24_3432',31.0,1347.08),
     (10332,'2004-11-17',187,'S24_3969',41.0,1347.08),
     (10333,'2004-11-18',129,'S10_1949',26.0,811.28),
     (10333,'2004-11-18',129,'S12_1666',33.0,811.28),
     (10333,'2004-11-18',129,'S18_1097',29.0,811.28),
     (10333,'2004-11-18',129,'S18_2949',31.0,811.28);
INSERT INTO raw_layer.crm_orders (order_id,order_date,customer_id,product_id,quantity,sales) VALUES
     (10333,'2004-11-18',129,'S18_3320',46.0,811.28),
     (10333,'2004-11-18',129,'S18_4668',24.0,811.28),
     (10333,'2004-11-18',129,'S24_4258',39.0,811.28),
     (10333,'2004-11-18',129,'S32_3522',33.0,811.28),
     (10334,'2004-11-19',144,'S10_4962',26.0,657.49),
     (10334,'2004-11-19',144,'S18_2319',46.0,657.49),
     (10334,'2004-11-19',144,'S18_2432',34.0,657.49),
     (10334,'2004-11-19',144,'S18_3232',20.0,657.49),
     (10334,'2004-11-19',144,'S18_4600',49.0,657.49),
     (10334,'2004-11-19',144,'S24_2300',42.0,657.49);
INSERT INTO raw_layer.crm_orders (order_id,order_date,customer_id,product_id,quantity,sales) VALUES
     (10335,'2004-11-19',124,'S24_2840',33.0,159.71),
     (10335,'2004-11-19',124,'S32_1268',44.0,159.71),
     (10335,'2004-11-19',124,'S32_2509',40.0,159.71),
     (10336,'2004-11-20',172,'S12_1108',33.0,1357.7),
     (10336,'2004-11-20',172,'S12_3148',33.0,1357.7),
     (10336,'2004-11-20',172,'S12_3891',49.0,1357.7),
     (10336,'2004-11-20',172,'S12_4473',38.0,1357.7),
     (10336,'2004-11-20',172,'S18_2238',49.0,1357.7),
     (10336,'2004-11-20',172,'S18_3140',48.0,1357.7),
     (10336,'2004-11-20',172,'S18_3259',21.0,1357.7);
INSERT INTO raw_layer.crm_orders (order_id,order_date,customer_id,product_id,quantity,sales) VALUES
     (10336,'2004-11-20',172,'S24_1444',45.0,1357.7),
     (10336,'2004-11-20',172,'S24_4048',31.0,1357.7),
     (10336,'2004-11-20',172,'S32_3207',31.0,1357.7),
     (10336,'2004-11-20',172,'S50_1392',23.0,1357.7),
     (10336,'2004-11-20',172,'S700_2824',46.0,1357.7),
     (10337,'2004-11-21',424,'S10_4757',25.0,813.02997),
     (10337,'2004-11-21',424,'S18_4027',36.0,813.02997),
     (10337,'2004-11-21',424,'S18_4522',29.0,813.02997),
     (10337,'2004-11-21',424,'S24_2011',29.0,813.02997),
     (10337,'2004-11-21',424,'S50_1514',21.0,813.02997);
INSERT INTO raw_layer.crm_orders (order_id,order_date,customer_id,product_id,quantity,sales) VALUES
     (10337,'2004-11-21',424,'S700_1938',36.0,813.02997),
     (10337,'2004-11-21',424,'S700_3505',31.0,813.02997),
     (10337,'2004-11-21',424,'S700_3962',36.0,813.02997),
     (10337,'2004-11-21',424,'S72_3212',42.0,813.02997),
     (10338,'2004-11-22',381,'S18_1662',41.0,311.22),
     (10338,'2004-11-22',381,'S18_3029',28.0,311.22),
     (10338,'2004-11-22',381,'S18_3856',45.0,311.22),
     (10339,'2004-11-23',398,'S10_2016',40.0,1274.96),
     (10339,'2004-11-23',398,'S10_4698',39.0,1274.96),
     (10339,'2004-11-23',398,'S18_2581',27.0,1274.96);
INSERT INTO raw_layer.crm_orders (order_id,order_date,customer_id,product_id,quantity,sales) VALUES
     (10339,'2004-11-23',398,'S18_2625',30.0,1274.96),
     (10339,'2004-11-23',398,'S24_1578',27.0,1274.96),
     (10339,'2004-11-23',398,'S24_1785',21.0,1274.96),
     (10339,'2004-11-23',398,'S24_2841',55.0,1274.96),
     (10339,'2004-11-23',398,'S24_3151',55.0,1274.96),
     (10339,'2004-11-23',398,'S24_3420',29.0,1274.96),
     (10339,'2004-11-23',398,'S24_3816',42.0,1274.96),
     (10339,'2004-11-23',398,'S24_3949',45.0,1274.96),
     (10339,'2004-11-23',398,'S700_1138',22.0,1274.96),
     (10339,'2004-11-23',398,'S700_2047',55.0,1274.96);
INSERT INTO raw_layer.crm_orders (order_id,order_date,customer_id,product_id,quantity,sales) VALUES
     (10339,'2004-11-23',398,'S700_2610',50.0,1274.96),
     (10339,'2004-11-23',398,'S700_4002',50.0,1274.96),
     (10339,'2004-11-23',398,'S72_1253',27.0,1274.96),
     (10340,'2004-11-24',216,'S24_2000',55.0,580.85),
     (10340,'2004-11-24',216,'S24_4278',40.0,580.85),
     (10340,'2004-11-24',216,'S32_1374',55.0,580.85),
     (10340,'2004-11-24',216,'S32_4289',39.0,580.85),
     (10340,'2004-11-24',216,'S50_1341',40.0,580.85),
     (10340,'2004-11-24',216,'S700_1691',30.0,580.85),
     (10340,'2004-11-24',216,'S700_2466',55.0,580.85);
INSERT INTO raw_layer.crm_orders (order_id,order_date,customer_id,product_id,quantity,sales) VALUES
     (10340,'2004-11-24',216,'S700_2834',29.0,580.85),
     (10341,'2004-11-24',382,'S10_1678',41.0,1003.19),
     (10341,'2004-11-24',382,'S12_1099',45.0,1003.19),
     (10341,'2004-11-24',382,'S12_2823',55.0,1003.19),
     (10341,'2004-11-24',382,'S12_3380',44.0,1003.19),
     (10341,'2004-11-24',382,'S12_3990',36.0,1003.19),
     (10341,'2004-11-24',382,'S12_4675',55.0,1003.19),
     (10341,'2004-11-24',382,'S24_2360',32.0,1003.19),
     (10341,'2004-11-24',382,'S32_4485',31.0,1003.19),
     (10341,'2004-11-24',382,'S50_4713',38.0,1003.19);
INSERT INTO raw_layer.crm_orders (order_id,order_date,customer_id,product_id,quantity,sales) VALUES
     (10341,'2004-11-24',382,'S700_3167',34.0,1003.19),
     (10342,'2004-11-24',114,'S18_1129',40.0,1063.74),
     (10342,'2004-11-24',114,'S18_1889',55.0,1063.74),
     (10342,'2004-11-24',114,'S18_1984',22.0,1063.74),
     (10342,'2004-11-24',114,'S18_3232',30.0,1063.74),
     (10342,'2004-11-24',114,'S18_3278',25.0,1063.74),
     (10342,'2004-11-24',114,'S18_3482',55.0,1063.74),
     (10342,'2004-11-24',114,'S18_3782',26.0,1063.74),
     (10342,'2004-11-24',114,'S18_4721',38.0,1063.74),
     (10342,'2004-11-24',114,'S24_2972',39.0,1063.74);
INSERT INTO raw_layer.crm_orders (order_id,order_date,customer_id,product_id,quantity,sales) VALUES
     (10342,'2004-11-24',114,'S24_3371',48.0,1063.74),
     (10342,'2004-11-24',114,'S24_3856',42.0,1063.74),
     (10343,'2004-11-24',353,'S18_1589',36.0,514.45),
     (10343,'2004-11-24',353,'S18_2870',25.0,514.45),
     (10343,'2004-11-24',353,'S18_3685',44.0,514.45),
     (10343,'2004-11-24',353,'S24_1628',27.0,514.45),
     (10343,'2004-11-24',353,'S24_4620',30.0,514.45),
     (10343,'2004-11-24',353,'S32_2206',29.0,514.45),
     (10344,'2004-11-25',350,'S18_1749',45.0,573.86),
     (10344,'2004-11-25',350,'S18_2248',40.0,573.86);
INSERT INTO raw_layer.crm_orders (order_id,order_date,customer_id,product_id,quantity,sales) VALUES
     (10344,'2004-11-25',350,'S18_2325',30.0,573.86),
     (10344,'2004-11-25',350,'S18_4409',21.0,573.86),
     (10344,'2004-11-25',350,'S18_4933',26.0,573.86),
     (10344,'2004-11-25',350,'S24_1046',29.0,573.86),
     (10344,'2004-11-25',350,'S24_1937',20.0,573.86),
     (10345,'2004-11-25',103,'S24_2022',43.0,38.98),
     (10346,'2004-11-29',112,'S18_1342',42.0,515.95),
     (10346,'2004-11-29',112,'S24_2766',25.0,515.95),
     (10346,'2004-11-29',112,'S24_2887',24.0,515.95),
     (10346,'2004-11-29',112,'S24_3191',24.0,515.95);
INSERT INTO raw_layer.crm_orders (order_id,order_date,customer_id,product_id,quantity,sales) VALUES
     (10346,'2004-11-29',112,'S24_3432',26.0,515.95),
     (10346,'2004-11-29',112,'S24_3969',22.0,515.95),
     (10347,'2004-11-29',114,'S10_1949',30.0,1240.73),
     (10347,'2004-11-29',114,'S10_4962',27.0,1240.73),
     (10347,'2004-11-29',114,'S12_1666',29.0,1240.73),
     (10347,'2004-11-29',114,'S18_1097',42.0,1240.73),
     (10347,'2004-11-29',114,'S18_1367',21.0,1240.73),
     (10347,'2004-11-29',114,'S18_2432',50.0,1240.73),
     (10347,'2004-11-29',114,'S18_2795',21.0,1240.73),
     (10347,'2004-11-29',114,'S18_2949',48.0,1240.73);
INSERT INTO raw_layer.crm_orders (order_id,order_date,customer_id,product_id,quantity,sales) VALUES
     (10347,'2004-11-29',114,'S18_2957',34.0,1240.73),
     (10347,'2004-11-29',114,'S18_3136',45.0,1240.73),
     (10347,'2004-11-29',114,'S18_3320',26.0,1240.73),
     (10347,'2004-11-29',114,'S18_4600',45.0,1240.73),
     (10348,'2004-11-01',458,'S12_1108',48.0,817.43),
     (10348,'2004-11-01',458,'S12_3148',47.0,817.43),
     (10348,'2004-11-01',458,'S18_4668',29.0,817.43),
     (10348,'2004-11-01',458,'S24_2300',37.0,817.43),
     (10348,'2004-11-01',458,'S24_4258',39.0,817.43),
     (10348,'2004-11-01',458,'S32_1268',42.0,817.43);
INSERT INTO raw_layer.crm_orders (order_id,order_date,customer_id,product_id,quantity,sales) VALUES
     (10348,'2004-11-01',458,'S32_3522',31.0,817.43),
     (10348,'2004-11-01',458,'S700_2824',32.0,817.43),
     (10349,'2004-12-01',151,'S12_3891',26.0,1083.64),
     (10349,'2004-12-01',151,'S12_4473',48.0,1083.64),
     (10349,'2004-12-01',151,'S18_2238',38.0,1083.64),
     (10349,'2004-12-01',151,'S18_2319',38.0,1083.64),
     (10349,'2004-12-01',151,'S18_3232',48.0,1083.64),
     (10349,'2004-12-01',151,'S18_4027',34.0,1083.64),
     (10349,'2004-12-01',151,'S24_1444',48.0,1083.64),
     (10349,'2004-12-01',151,'S24_2840',36.0,1083.64);
INSERT INTO raw_layer.crm_orders (order_id,order_date,customer_id,product_id,quantity,sales) VALUES
     (10349,'2004-12-01',151,'S24_4048',23.0,1083.64),
     (10349,'2004-12-01',151,'S32_2509',33.0,1083.64),
     (10350,'2004-12-02',141,'S10_4757',26.0,1412.8201),
     (10350,'2004-12-02',141,'S18_3029',43.0,1412.8201),
     (10350,'2004-12-02',141,'S18_3140',44.0,1412.8201),
     (10350,'2004-12-02',141,'S18_3259',41.0,1412.8201),
     (10350,'2004-12-02',141,'S18_4522',30.0,1412.8201),
     (10350,'2004-12-02',141,'S24_2011',34.0,1412.8201),
     (10350,'2004-12-02',141,'S24_3151',30.0,1412.8201),
     (10350,'2004-12-02',141,'S24_3816',25.0,1412.8201);
INSERT INTO raw_layer.crm_orders (order_id,order_date,customer_id,product_id,quantity,sales) VALUES
     (10350,'2004-12-02',141,'S32_3207',27.0,1412.8201),
     (10350,'2004-12-02',141,'S50_1392',31.0,1412.8201),
     (10350,'2004-12-02',141,'S50_1514',44.0,1412.8201),
     (10350,'2004-12-02',141,'S700_1138',46.0,1412.8201),
     (10350,'2004-12-02',141,'S700_1938',28.0,1412.8201),
     (10350,'2004-12-02',141,'S700_2610',29.0,1412.8201),
     (10350,'2004-12-02',141,'S700_3505',31.0,1412.8201),
     (10350,'2004-12-02',141,'S700_3962',25.0,1412.8201),
     (10350,'2004-12-02',141,'S72_3212',20.0,1412.8201),
     (10351,'2004-12-03',324,'S18_1662',39.0,434.87);
INSERT INTO raw_layer.crm_orders (order_id,order_date,customer_id,product_id,quantity,sales) VALUES
     (10351,'2004-12-03',324,'S18_3856',20.0,434.87),
     (10351,'2004-12-03',324,'S24_2841',25.0,434.87),
     (10351,'2004-12-03',324,'S24_3420',38.0,434.87),
     (10351,'2004-12-03',324,'S24_3949',34.0,434.87),
     (10352,'2004-12-03',198,'S700_2047',23.0,271.25),
     (10352,'2004-12-03',198,'S700_2466',49.0,271.25),
     (10352,'2004-12-03',198,'S700_4002',22.0,271.25),
     (10352,'2004-12-03',198,'S72_1253',49.0,271.25),
     (10353,'2004-12-04',447,'S18_2581',27.0,685.32),
     (10353,'2004-12-04',447,'S24_1785',28.0,685.32);
INSERT INTO raw_layer.crm_orders (order_id,order_date,customer_id,product_id,quantity,sales) VALUES
     (10353,'2004-12-04',447,'S24_4278',35.0,685.32),
     (10353,'2004-12-04',447,'S32_1374',46.0,685.32),
     (10353,'2004-12-04',447,'S32_4289',40.0,685.32),
     (10353,'2004-12-04',447,'S50_1341',40.0,685.32),
     (10353,'2004-12-04',447,'S700_1691',39.0,685.32),
     (10353,'2004-12-04',447,'S700_2834',48.0,685.32),
     (10353,'2004-12-04',447,'S700_3167',43.0,685.32),
     (10354,'2004-12-04',323,'S10_1678',42.0,1285.99),
     (10354,'2004-12-04',323,'S10_2016',20.0,1285.99),
     (10354,'2004-12-04',323,'S10_4698',42.0,1285.99);
INSERT INTO raw_layer.crm_orders (order_id,order_date,customer_id,product_id,quantity,sales) VALUES
     (10354,'2004-12-04',323,'S12_1099',31.0,1285.99),
     (10354,'2004-12-04',323,'S12_2823',35.0,1285.99),
     (10354,'2004-12-04',323,'S12_3380',29.0,1285.99),
     (10354,'2004-12-04',323,'S12_3990',23.0,1285.99),
     (10354,'2004-12-04',323,'S12_4675',28.0,1285.99),
     (10354,'2004-12-04',323,'S18_1889',21.0,1285.99),
     (10354,'2004-12-04',323,'S18_2625',28.0,1285.99),
     (10354,'2004-12-04',323,'S18_3278',36.0,1285.99),
     (10354,'2004-12-04',323,'S24_1578',21.0,1285.99),
     (10354,'2004-12-04',323,'S24_2000',28.0,1285.99);
INSERT INTO raw_layer.crm_orders (order_id,order_date,customer_id,product_id,quantity,sales) VALUES
     (10355,'2004-12-07',141,'S18_3482',23.0,796.66),
     (10355,'2004-12-07',141,'S18_3782',31.0,796.66),
     (10355,'2004-12-07',141,'S18_4721',25.0,796.66),
     (10355,'2004-12-07',141,'S24_2360',41.0,796.66),
     (10355,'2004-12-07',141,'S24_2972',36.0,796.66),
     (10355,'2004-12-07',141,'S24_3371',44.0,796.66),
     (10355,'2004-12-07',141,'S24_3856',32.0,796.66),
     (10355,'2004-12-07',141,'S24_4620',28.0,796.66),
     (10355,'2004-12-07',141,'S32_2206',38.0,796.66),
     (10355,'2004-12-07',141,'S32_4485',40.0,796.66);
INSERT INTO raw_layer.crm_orders (order_id,order_date,customer_id,product_id,quantity,sales) VALUES
     (10356,'2004-12-09',250,'S18_1129',43.0,795.62),
     (10356,'2004-12-09',250,'S18_1342',50.0,795.62),
     (10356,'2004-12-09',250,'S18_1367',22.0,795.62),
     (10356,'2004-12-09',250,'S18_1984',27.0,795.62),
     (10356,'2004-12-09',250,'S18_2325',29.0,795.62),
     (10356,'2004-12-09',250,'S18_2795',30.0,795.62),
     (10356,'2004-12-09',250,'S24_1937',48.0,795.62),
     (10356,'2004-12-09',250,'S24_2022',26.0,795.62),
     (10356,'2004-12-09',250,'S50_4713',26.0,795.62),
     (10357,'2004-12-10',124,'S10_1949',32.0,1060.42);
INSERT INTO raw_layer.crm_orders (order_id,order_date,customer_id,product_id,quantity,sales) VALUES
     (10357,'2004-12-10',124,'S10_4962',43.0,1060.42),
     (10357,'2004-12-10',124,'S12_1666',49.0,1060.42),
     (10357,'2004-12-10',124,'S18_1097',39.0,1060.42),
     (10357,'2004-12-10',124,'S18_2432',41.0,1060.42),
     (10357,'2004-12-10',124,'S18_2949',41.0,1060.42),
     (10357,'2004-12-10',124,'S18_2957',49.0,1060.42),
     (10357,'2004-12-10',124,'S18_3136',44.0,1060.42),
     (10357,'2004-12-10',124,'S18_3320',25.0,1060.42),
     (10357,'2004-12-10',124,'S18_4600',28.0,1060.42),
     (10358,'2004-12-10',141,'S12_3148',49.0,1297.97);
INSERT INTO raw_layer.crm_orders (order_id,order_date,customer_id,product_id,quantity,sales) VALUES
     (10358,'2004-12-10',141,'S12_4473',42.0,1297.97),
     (10358,'2004-12-10',141,'S18_2238',20.0,1297.97),
     (10358,'2004-12-10',141,'S18_2319',20.0,1297.97),
     (10358,'2004-12-10',141,'S18_3232',32.0,1297.97),
     (10358,'2004-12-10',141,'S18_4027',25.0,1297.97),
     (10358,'2004-12-10',141,'S18_4668',30.0,1297.97),
     (10358,'2004-12-10',141,'S24_1444',44.0,1297.97),
     (10358,'2004-12-10',141,'S24_2300',41.0,1297.97),
     (10358,'2004-12-10',141,'S24_2840',36.0,1297.97),
     (10358,'2004-12-10',141,'S24_4258',41.0,1297.97);
INSERT INTO raw_layer.crm_orders (order_id,order_date,customer_id,product_id,quantity,sales) VALUES
     (10358,'2004-12-10',141,'S32_1268',41.0,1297.97),
     (10358,'2004-12-10',141,'S32_3522',36.0,1297.97),
     (10358,'2004-12-10',141,'S700_2824',27.0,1297.97),
     (10359,'2004-12-15',353,'S10_4757',48.0,829.24),
     (10359,'2004-12-15',353,'S12_1108',42.0,829.24),
     (10359,'2004-12-15',353,'S12_3891',49.0,829.24),
     (10359,'2004-12-15',353,'S24_4048',22.0,829.24),
     (10359,'2004-12-15',353,'S32_2509',36.0,829.24),
     (10359,'2004-12-15',353,'S32_3207',22.0,829.24),
     (10359,'2004-12-15',353,'S50_1392',46.0,829.24);
INSERT INTO raw_layer.crm_orders (order_id,order_date,customer_id,product_id,quantity,sales) VALUES
     (10359,'2004-12-15',353,'S50_1514',25.0,829.24),
     (10360,'2004-12-16',496,'S18_1662',50.0,1524.68),
     (10360,'2004-12-16',496,'S18_2581',41.0,1524.68),
     (10360,'2004-12-16',496,'S18_3029',46.0,1524.68),
     (10360,'2004-12-16',496,'S18_3140',29.0,1524.68),
     (10360,'2004-12-16',496,'S18_3259',29.0,1524.68),
     (10360,'2004-12-16',496,'S18_3856',40.0,1524.68),
     (10360,'2004-12-16',496,'S18_4522',40.0,1524.68),
     (10360,'2004-12-16',496,'S24_1785',22.0,1524.68),
     (10360,'2004-12-16',496,'S24_2011',31.0,1524.68);
INSERT INTO raw_layer.crm_orders (order_id,order_date,customer_id,product_id,quantity,sales) VALUES
     (10360,'2004-12-16',496,'S24_2841',49.0,1524.68),
     (10360,'2004-12-16',496,'S24_3151',36.0,1524.68),
     (10360,'2004-12-16',496,'S24_3816',22.0,1524.68),
     (10360,'2004-12-16',496,'S700_1138',32.0,1524.68),
     (10360,'2004-12-16',496,'S700_1938',26.0,1524.68),
     (10360,'2004-12-16',496,'S700_2610',30.0,1524.68),
     (10360,'2004-12-16',496,'S700_3505',35.0,1524.68),
     (10360,'2004-12-16',496,'S700_3962',31.0,1524.68),
     (10360,'2004-12-16',496,'S72_3212',31.0,1524.68),
     (10361,'2004-12-17',282,'S10_1678',20.0,1052.87);
INSERT INTO raw_layer.crm_orders (order_id,order_date,customer_id,product_id,quantity,sales) VALUES
     (10361,'2004-12-17',282,'S10_2016',26.0,1052.87),
     (10361,'2004-12-17',282,'S24_3420',34.0,1052.87),
     (10361,'2004-12-17',282,'S24_3949',26.0,1052.87),
     (10361,'2004-12-17',282,'S24_4278',25.0,1052.87),
     (10361,'2004-12-17',282,'S32_4289',49.0,1052.87),
     (10361,'2004-12-17',282,'S50_1341',33.0,1052.87),
     (10361,'2004-12-17',282,'S700_1691',20.0,1052.87),
     (10361,'2004-12-17',282,'S700_2047',24.0,1052.87),
     (10361,'2004-12-17',282,'S700_2466',26.0,1052.87),
     (10361,'2004-12-17',282,'S700_2834',44.0,1052.87);
INSERT INTO raw_layer.crm_orders (order_id,order_date,customer_id,product_id,quantity,sales) VALUES
     (10361,'2004-12-17',282,'S700_3167',44.0,1052.87),
     (10361,'2004-12-17',282,'S700_4002',35.0,1052.87),
     (10361,'2004-12-17',282,'S72_1253',23.0,1052.87),
     (10362,'2005-01-05',161,'S10_4698',22.0,458.28),
     (10362,'2005-01-05',161,'S12_2823',22.0,458.28),
     (10362,'2005-01-05',161,'S18_2625',23.0,458.28),
     (10362,'2005-01-05',161,'S24_1578',50.0,458.28),
     (10363,'2005-01-06',334,'S12_1099',33.0,1352.37),
     (10363,'2005-01-06',334,'S12_3380',34.0,1352.37),
     (10363,'2005-01-06',334,'S12_3990',34.0,1352.37);
INSERT INTO raw_layer.crm_orders (order_id,order_date,customer_id,product_id,quantity,sales) VALUES
     (10363,'2005-01-06',334,'S12_4675',46.0,1352.37),
     (10363,'2005-01-06',334,'S18_1889',22.0,1352.37),
     (10363,'2005-01-06',334,'S18_3278',46.0,1352.37),
     (10363,'2005-01-06',334,'S18_3482',24.0,1352.37),
     (10363,'2005-01-06',334,'S18_3782',32.0,1352.37),
     (10363,'2005-01-06',334,'S18_4721',28.0,1352.37),
     (10363,'2005-01-06',334,'S24_2000',21.0,1352.37),
     (10363,'2005-01-06',334,'S24_2360',43.0,1352.37),
     (10363,'2005-01-06',334,'S24_3371',21.0,1352.37),
     (10363,'2005-01-06',334,'S24_3856',31.0,1352.37);
INSERT INTO raw_layer.crm_orders (order_id,order_date,customer_id,product_id,quantity,sales) VALUES
     (10363,'2005-01-06',334,'S24_4620',43.0,1352.37),
     (10363,'2005-01-06',334,'S32_1374',50.0,1352.37),
     (10364,'2005-01-06',350,'S32_2206',48.0,38.22),
     (10365,'2005-01-07',320,'S18_1129',30.0,267.06),
     (10365,'2005-01-07',320,'S32_4485',22.0,267.06),
     (10365,'2005-01-07',320,'S50_4713',44.0,267.06),
     (10366,'2005-01-10',381,'S18_1984',34.0,376.35),
     (10366,'2005-01-10',381,'S18_2870',49.0,376.35),
     (10366,'2005-01-10',381,'S18_3232',34.0,376.35),
     (10367,'2005-01-12',205,'S18_1589',49.0,1072.73);
INSERT INTO raw_layer.crm_orders (order_id,order_date,customer_id,product_id,quantity,sales) VALUES
     (10367,'2005-01-12',205,'S18_1749',37.0,1072.73),
     (10367,'2005-01-12',205,'S18_2248',45.0,1072.73),
     (10367,'2005-01-12',205,'S18_2325',27.0,1072.73),
     (10367,'2005-01-12',205,'S18_2795',32.0,1072.73),
     (10367,'2005-01-12',205,'S18_3685',46.0,1072.73),
     (10367,'2005-01-12',205,'S18_4409',43.0,1072.73),
     (10367,'2005-01-12',205,'S18_4933',44.0,1072.73),
     (10367,'2005-01-12',205,'S24_1046',21.0,1072.73),
     (10367,'2005-01-12',205,'S24_1628',38.0,1072.73),
     (10367,'2005-01-12',205,'S24_1937',23.0,1072.73);
INSERT INTO raw_layer.crm_orders (order_id,order_date,customer_id,product_id,quantity,sales) VALUES
     (10367,'2005-01-12',205,'S24_2022',28.0,1072.73),
     (10367,'2005-01-12',205,'S24_2972',36.0,1072.73),
     (10368,'2005-01-19',124,'S24_2766',40.0,401.41),
     (10368,'2005-01-19',124,'S24_2887',31.0,401.41),
     (10368,'2005-01-19',124,'S24_3191',46.0,401.41),
     (10368,'2005-01-19',124,'S24_3432',20.0,401.41),
     (10368,'2005-01-19',124,'S24_3969',46.0,401.41),
     (10369,'2005-01-20',379,'S10_1949',41.0,746.8),
     (10369,'2005-01-20',379,'S18_1342',44.0,746.8),
     (10369,'2005-01-20',379,'S18_1367',32.0,746.8);
INSERT INTO raw_layer.crm_orders (order_id,order_date,customer_id,product_id,quantity,sales) VALUES
     (10369,'2005-01-20',379,'S18_2949',42.0,746.8),
     (10369,'2005-01-20',379,'S18_2957',28.0,746.8),
     (10369,'2005-01-20',379,'S18_3136',21.0,746.8),
     (10369,'2005-01-20',379,'S18_3320',45.0,746.8),
     (10369,'2005-01-20',379,'S24_4258',40.0,746.8),
     (10370,'2005-01-20',276,'S10_4962',35.0,898.11),
     (10370,'2005-01-20',276,'S12_1666',49.0,898.11),
     (10370,'2005-01-20',276,'S18_1097',27.0,898.11),
     (10370,'2005-01-20',276,'S18_2319',22.0,898.11),
     (10370,'2005-01-20',276,'S18_2432',22.0,898.11);
INSERT INTO raw_layer.crm_orders (order_id,order_date,customer_id,product_id,quantity,sales) VALUES
     (10370,'2005-01-20',276,'S18_3232',27.0,898.11),
     (10370,'2005-01-20',276,'S18_4600',29.0,898.11),
     (10370,'2005-01-20',276,'S18_4668',20.0,898.11),
     (10370,'2005-01-20',276,'S32_3522',25.0,898.11),
     (10371,'2005-01-23',124,'S12_1108',32.0,1116.35),
     (10371,'2005-01-23',124,'S12_4473',49.0,1116.35),
     (10371,'2005-01-23',124,'S18_2238',25.0,1116.35),
     (10371,'2005-01-23',124,'S24_1444',25.0,1116.35),
     (10371,'2005-01-23',124,'S24_2300',20.0,1116.35),
     (10371,'2005-01-23',124,'S24_2840',45.0,1116.35);
INSERT INTO raw_layer.crm_orders (order_id,order_date,customer_id,product_id,quantity,sales) VALUES
     (10371,'2005-01-23',124,'S24_4048',28.0,1116.35),
     (10371,'2005-01-23',124,'S32_1268',26.0,1116.35),
     (10371,'2005-01-23',124,'S32_2509',20.0,1116.35),
     (10371,'2005-01-23',124,'S32_3207',30.0,1116.35),
     (10371,'2005-01-23',124,'S50_1392',48.0,1116.35),
     (10371,'2005-01-23',124,'S700_2824',34.0,1116.35),
     (10372,'2005-01-26',398,'S12_3148',40.0,941.08),
     (10372,'2005-01-26',398,'S12_3891',34.0,941.08),
     (10372,'2005-01-26',398,'S18_3140',28.0,941.08),
     (10372,'2005-01-26',398,'S18_3259',25.0,941.08);
INSERT INTO raw_layer.crm_orders (order_id,order_date,customer_id,product_id,quantity,sales) VALUES
     (10372,'2005-01-26',398,'S18_4027',48.0,941.08),
     (10372,'2005-01-26',398,'S18_4522',41.0,941.08),
     (10372,'2005-01-26',398,'S24_2011',37.0,941.08),
     (10372,'2005-01-26',398,'S50_1514',24.0,941.08),
     (10372,'2005-01-26',398,'S700_1938',44.0,941.08),
     (10373,'2005-01-31',311,'S10_4757',39.0,1320.42),
     (10373,'2005-01-31',311,'S18_1662',28.0,1320.42),
     (10373,'2005-01-31',311,'S18_3029',22.0,1320.42),
     (10373,'2005-01-31',311,'S18_3856',50.0,1320.42),
     (10373,'2005-01-31',311,'S24_2841',38.0,1320.42);
INSERT INTO raw_layer.crm_orders (order_id,order_date,customer_id,product_id,quantity,sales) VALUES
     (10373,'2005-01-31',311,'S24_3151',33.0,1320.42),
     (10373,'2005-01-31',311,'S24_3420',46.0,1320.42),
     (10373,'2005-01-31',311,'S24_3816',23.0,1320.42),
     (10373,'2005-01-31',311,'S24_3949',39.0,1320.42),
     (10373,'2005-01-31',311,'S700_1138',44.0,1320.42),
     (10373,'2005-01-31',311,'S700_2047',32.0,1320.42),
     (10373,'2005-01-31',311,'S700_2610',41.0,1320.42),
     (10373,'2005-01-31',311,'S700_3505',34.0,1320.42),
     (10373,'2005-01-31',311,'S700_3962',37.0,1320.42),
     (10373,'2005-01-31',311,'S700_4002',45.0,1320.42);
INSERT INTO raw_layer.crm_orders (order_id,order_date,customer_id,product_id,quantity,sales) VALUES
     (10373,'2005-01-31',311,'S72_1253',25.0,1320.42),
     (10373,'2005-01-31',311,'S72_3212',29.0,1320.42),
     (10374,'2005-02-02',333,'S10_2016',39.0,617.75),
     (10374,'2005-02-02',333,'S10_4698',22.0,617.75),
     (10374,'2005-02-02',333,'S18_2581',42.0,617.75),
     (10374,'2005-02-02',333,'S18_2625',22.0,617.75),
     (10374,'2005-02-02',333,'S24_1578',38.0,617.75),
     (10374,'2005-02-02',333,'S24_1785',46.0,617.75),
     (10375,'2005-02-03',119,'S10_1678',21.0,1299.1),
     (10375,'2005-02-03',119,'S12_1099',45.0,1299.1);
INSERT INTO raw_layer.crm_orders (order_id,order_date,customer_id,product_id,quantity,sales) VALUES
     (10375,'2005-02-03',119,'S12_2823',49.0,1299.1),
     (10375,'2005-02-03',119,'S24_2000',23.0,1299.1),
     (10375,'2005-02-03',119,'S24_2360',20.0,1299.1),
     (10375,'2005-02-03',119,'S24_4278',43.0,1299.1),
     (10375,'2005-02-03',119,'S32_1374',37.0,1299.1),
     (10375,'2005-02-03',119,'S32_4289',44.0,1299.1),
     (10375,'2005-02-03',119,'S32_4485',41.0,1299.1),
     (10375,'2005-02-03',119,'S50_1341',49.0,1299.1),
     (10375,'2005-02-03',119,'S50_4713',49.0,1299.1),
     (10375,'2005-02-03',119,'S700_1691',37.0,1299.1);
INSERT INTO raw_layer.crm_orders (order_id,order_date,customer_id,product_id,quantity,sales) VALUES
     (10375,'2005-02-03',119,'S700_2466',33.0,1299.1),
     (10375,'2005-02-03',119,'S700_2834',25.0,1299.1),
     (10375,'2005-02-03',119,'S700_3167',44.0,1299.1),
     (10376,'2005-02-08',219,'S12_3380',35.0,98.65),
     (10377,'2005-02-09',186,'S12_3990',24.0,633.58),
     (10377,'2005-02-09',186,'S12_4675',50.0,633.58),
     (10377,'2005-02-09',186,'S18_1129',35.0,633.58),
     (10377,'2005-02-09',186,'S18_1889',31.0,633.58),
     (10377,'2005-02-09',186,'S18_1984',36.0,633.58),
     (10377,'2005-02-09',186,'S18_3232',39.0,633.58);
INSERT INTO raw_layer.crm_orders (order_id,order_date,customer_id,product_id,quantity,sales) VALUES
     (10378,'2005-02-10',141,'S18_1589',34.0,847.08997),
     (10378,'2005-02-10',141,'S18_3278',22.0,847.08997),
     (10378,'2005-02-10',141,'S18_3482',43.0,847.08997),
     (10378,'2005-02-10',141,'S18_3782',28.0,847.08997),
     (10378,'2005-02-10',141,'S18_4721',49.0,847.08997),
     (10378,'2005-02-10',141,'S24_2972',41.0,847.08997),
     (10378,'2005-02-10',141,'S24_3371',46.0,847.08997),
     (10378,'2005-02-10',141,'S24_3856',33.0,847.08997),
     (10378,'2005-02-10',141,'S24_4620',41.0,847.08997),
     (10378,'2005-02-10',141,'S32_2206',40.0,847.08997);
INSERT INTO raw_layer.crm_orders (order_id,order_date,customer_id,product_id,quantity,sales) VALUES
     (10379,'2005-02-10',141,'S18_1749',39.0,503.78998),
     (10379,'2005-02-10',141,'S18_2248',27.0,503.78998),
     (10379,'2005-02-10',141,'S18_2870',29.0,503.78998),
     (10379,'2005-02-10',141,'S18_3685',32.0,503.78998),
     (10379,'2005-02-10',141,'S24_1628',32.0,503.78998),
     (10380,'2005-02-16',141,'S18_1342',27.0,1034.1),
     (10380,'2005-02-16',141,'S18_2325',40.0,1034.1),
     (10380,'2005-02-16',141,'S18_2795',21.0,1034.1),
     (10380,'2005-02-16',141,'S18_4409',32.0,1034.1),
     (10380,'2005-02-16',141,'S18_4933',24.0,1034.1);
INSERT INTO raw_layer.crm_orders (order_id,order_date,customer_id,product_id,quantity,sales) VALUES
     (10380,'2005-02-16',141,'S24_1046',34.0,1034.1),
     (10380,'2005-02-16',141,'S24_1937',32.0,1034.1),
     (10380,'2005-02-16',141,'S24_2022',27.0,1034.1),
     (10380,'2005-02-16',141,'S24_2766',36.0,1034.1),
     (10380,'2005-02-16',141,'S24_2887',44.0,1034.1),
     (10380,'2005-02-16',141,'S24_3191',44.0,1034.1),
     (10380,'2005-02-16',141,'S24_3432',34.0,1034.1),
     (10380,'2005-02-16',141,'S24_3969',43.0,1034.1),
     (10381,'2005-02-17',321,'S10_1949',36.0,923.04004),
     (10381,'2005-02-17',321,'S10_4962',37.0,923.04004);
INSERT INTO raw_layer.crm_orders (order_id,order_date,customer_id,product_id,quantity,sales) VALUES
     (10381,'2005-02-17',321,'S12_1666',20.0,923.04004),
     (10381,'2005-02-17',321,'S18_1097',48.0,923.04004),
     (10381,'2005-02-17',321,'S18_1367',25.0,923.04004),
     (10381,'2005-02-17',321,'S18_2432',35.0,923.04004),
     (10381,'2005-02-17',321,'S18_2949',41.0,923.04004),
     (10381,'2005-02-17',321,'S18_2957',40.0,923.04004),
     (10381,'2005-02-17',321,'S18_3136',35.0,923.04004),
     (10382,'2005-02-17',124,'S12_1108',34.0,1426.01),
     (10382,'2005-02-17',124,'S12_3148',37.0,1426.01),
     (10382,'2005-02-17',124,'S12_3891',34.0,1426.01);
INSERT INTO raw_layer.crm_orders (order_id,order_date,customer_id,product_id,quantity,sales) VALUES
     (10382,'2005-02-17',124,'S12_4473',32.0,1426.01),
     (10382,'2005-02-17',124,'S18_2238',25.0,1426.01),
     (10382,'2005-02-17',124,'S18_3320',50.0,1426.01),
     (10382,'2005-02-17',124,'S18_4600',39.0,1426.01),
     (10382,'2005-02-17',124,'S18_4668',39.0,1426.01),
     (10382,'2005-02-17',124,'S24_2300',20.0,1426.01),
     (10382,'2005-02-17',124,'S24_4258',33.0,1426.01),
     (10382,'2005-02-17',124,'S32_1268',26.0,1426.01),
     (10382,'2005-02-17',124,'S32_3522',48.0,1426.01),
     (10382,'2005-02-17',124,'S700_2824',34.0,1426.01);
INSERT INTO raw_layer.crm_orders (order_id,order_date,customer_id,product_id,quantity,sales) VALUES
     (10383,'2005-02-22',141,'S18_2319',27.0,1155.3),
     (10383,'2005-02-22',141,'S18_3140',24.0,1155.3),
     (10383,'2005-02-22',141,'S18_3232',47.0,1155.3),
     (10383,'2005-02-22',141,'S18_3259',26.0,1155.3),
     (10383,'2005-02-22',141,'S18_4027',38.0,1155.3),
     (10383,'2005-02-22',141,'S18_4522',28.0,1155.3),
     (10383,'2005-02-22',141,'S24_1444',22.0,1155.3),
     (10383,'2005-02-22',141,'S24_2840',40.0,1155.3),
     (10383,'2005-02-22',141,'S24_4048',21.0,1155.3),
     (10383,'2005-02-22',141,'S32_2509',32.0,1155.3);
INSERT INTO raw_layer.crm_orders (order_id,order_date,customer_id,product_id,quantity,sales) VALUES
     (10383,'2005-02-22',141,'S32_3207',44.0,1155.3),
     (10383,'2005-02-22',141,'S50_1392',29.0,1155.3),
     (10383,'2005-02-22',141,'S50_1514',38.0,1155.3),
     (10384,'2005-02-23',321,'S10_4757',34.0,386.2),
     (10384,'2005-02-23',321,'S24_2011',28.0,386.2),
     (10384,'2005-02-23',321,'S24_3151',43.0,386.2),
     (10384,'2005-02-23',321,'S700_1938',49.0,386.2),
     (10385,'2005-02-28',124,'S24_3816',37.0,140.83),
     (10385,'2005-02-28',124,'S700_1138',25.0,140.83),
     (10386,'2005-03-01',141,'S18_1662',25.0,1352.06);
INSERT INTO raw_layer.crm_orders (order_id,order_date,customer_id,product_id,quantity,sales) VALUES
     (10386,'2005-03-01',141,'S18_2581',21.0,1352.06),
     (10386,'2005-03-01',141,'S18_3029',37.0,1352.06),
     (10386,'2005-03-01',141,'S18_3856',22.0,1352.06),
     (10386,'2005-03-01',141,'S24_1785',33.0,1352.06),
     (10386,'2005-03-01',141,'S24_2841',39.0,1352.06),
     (10386,'2005-03-01',141,'S24_3420',35.0,1352.06),
     (10386,'2005-03-01',141,'S24_3949',41.0,1352.06),
     (10386,'2005-03-01',141,'S24_4278',50.0,1352.06),
     (10386,'2005-03-01',141,'S700_2047',29.0,1352.06),
     (10386,'2005-03-01',141,'S700_2466',37.0,1352.06);
INSERT INTO raw_layer.crm_orders (order_id,order_date,customer_id,product_id,quantity,sales) VALUES
     (10386,'2005-03-01',141,'S700_2610',37.0,1352.06),
     (10386,'2005-03-01',141,'S700_3167',32.0,1352.06),
     (10386,'2005-03-01',141,'S700_3505',45.0,1352.06),
     (10386,'2005-03-01',141,'S700_3962',30.0,1352.06),
     (10386,'2005-03-01',141,'S700_4002',44.0,1352.06),
     (10386,'2005-03-01',141,'S72_1253',50.0,1352.06),
     (10386,'2005-03-01',141,'S72_3212',43.0,1352.06),
     (10387,'2005-03-02',148,'S32_1374',44.0,79.91),
     (10388,'2005-03-03',462,'S10_1678',42.0,767.12),
     (10388,'2005-03-03',462,'S10_2016',50.0,767.12);
INSERT INTO raw_layer.crm_orders (order_id,order_date,customer_id,product_id,quantity,sales) VALUES
     (10388,'2005-03-03',462,'S10_4698',21.0,767.12),
     (10388,'2005-03-03',462,'S12_2823',44.0,767.12),
     (10388,'2005-03-03',462,'S32_4289',35.0,767.12),
     (10388,'2005-03-03',462,'S50_1341',27.0,767.12),
     (10388,'2005-03-03',462,'S700_1691',46.0,767.12),
     (10388,'2005-03-03',462,'S700_2834',50.0,767.12),
     (10389,'2005-03-03',448,'S12_1099',26.0,747.52997),
     (10389,'2005-03-03',448,'S12_3380',25.0,747.52997),
     (10389,'2005-03-03',448,'S12_3990',36.0,747.52997),
     (10389,'2005-03-03',448,'S12_4675',47.0,747.52997);
INSERT INTO raw_layer.crm_orders (order_id,order_date,customer_id,product_id,quantity,sales) VALUES
     (10389,'2005-03-03',448,'S18_1889',49.0,747.52997),
     (10389,'2005-03-03',448,'S18_2625',39.0,747.52997),
     (10389,'2005-03-03',448,'S24_1578',45.0,747.52997),
     (10389,'2005-03-03',448,'S24_2000',49.0,747.52997),
     (10390,'2005-03-04',124,'S18_1129',36.0,1479.36),
     (10390,'2005-03-04',124,'S18_1984',34.0,1479.36),
     (10390,'2005-03-04',124,'S18_2325',31.0,1479.36),
     (10390,'2005-03-04',124,'S18_2795',26.0,1479.36),
     (10390,'2005-03-04',124,'S18_3278',40.0,1479.36),
     (10390,'2005-03-04',124,'S18_3482',50.0,1479.36);
INSERT INTO raw_layer.crm_orders (order_id,order_date,customer_id,product_id,quantity,sales) VALUES
     (10390,'2005-03-04',124,'S18_3782',36.0,1479.36),
     (10390,'2005-03-04',124,'S18_4721',49.0,1479.36),
     (10390,'2005-03-04',124,'S24_2360',35.0,1479.36),
     (10390,'2005-03-04',124,'S24_2972',37.0,1479.36),
     (10390,'2005-03-04',124,'S24_3371',46.0,1479.36),
     (10390,'2005-03-04',124,'S24_3856',45.0,1479.36),
     (10390,'2005-03-04',124,'S24_4620',30.0,1479.36),
     (10390,'2005-03-04',124,'S32_2206',41.0,1479.36),
     (10390,'2005-03-04',124,'S32_4485',45.0,1479.36),
     (10390,'2005-03-04',124,'S50_4713',22.0,1479.36);
INSERT INTO raw_layer.crm_orders (order_id,order_date,customer_id,product_id,quantity,sales) VALUES
     (10391,'2005-03-09',276,'S10_1949',24.0,911.23),
     (10391,'2005-03-09',276,'S10_4962',37.0,911.23),
     (10391,'2005-03-09',276,'S12_1666',39.0,911.23),
     (10391,'2005-03-09',276,'S18_1097',29.0,911.23),
     (10391,'2005-03-09',276,'S18_1342',35.0,911.23),
     (10391,'2005-03-09',276,'S18_1367',42.0,911.23),
     (10391,'2005-03-09',276,'S18_2432',44.0,911.23),
     (10391,'2005-03-09',276,'S18_2949',32.0,911.23),
     (10391,'2005-03-09',276,'S24_1937',33.0,911.23),
     (10391,'2005-03-09',276,'S24_2022',24.0,911.23);
INSERT INTO raw_layer.crm_orders (order_id,order_date,customer_id,product_id,quantity,sales) VALUES
     (10392,'2005-03-10',452,'S18_2957',37.0,263.1),
     (10392,'2005-03-10',452,'S18_3136',29.0,263.1),
     (10392,'2005-03-10',452,'S18_3320',36.0,263.1),
     (10393,'2005-03-11',323,'S12_3148',35.0,1067.87),
     (10393,'2005-03-11',323,'S12_4473',32.0,1067.87),
     (10393,'2005-03-11',323,'S18_2238',20.0,1067.87),
     (10393,'2005-03-11',323,'S18_2319',38.0,1067.87),
     (10393,'2005-03-11',323,'S18_4600',30.0,1067.87),
     (10393,'2005-03-11',323,'S18_4668',44.0,1067.87),
     (10393,'2005-03-11',323,'S24_2300',33.0,1067.87);
INSERT INTO raw_layer.crm_orders (order_id,order_date,customer_id,product_id,quantity,sales) VALUES
     (10393,'2005-03-11',323,'S24_4258',33.0,1067.87),
     (10393,'2005-03-11',323,'S32_1268',38.0,1067.87),
     (10393,'2005-03-11',323,'S32_3522',31.0,1067.87),
     (10393,'2005-03-11',323,'S700_2824',21.0,1067.87),
     (10394,'2005-03-15',141,'S18_3232',22.0,556.06),
     (10394,'2005-03-15',141,'S18_4027',37.0,556.06),
     (10394,'2005-03-15',141,'S24_1444',31.0,556.06),
     (10394,'2005-03-15',141,'S24_2840',46.0,556.06),
     (10394,'2005-03-15',141,'S24_4048',37.0,556.06),
     (10394,'2005-03-15',141,'S32_2509',36.0,556.06);
INSERT INTO raw_layer.crm_orders (order_id,order_date,customer_id,product_id,quantity,sales) VALUES
     (10394,'2005-03-15',141,'S32_3207',30.0,556.06),
     (10395,'2005-03-17',250,'S10_4757',32.0,487.22),
     (10395,'2005-03-17',250,'S12_1108',33.0,487.22),
     (10395,'2005-03-17',250,'S50_1392',46.0,487.22),
     (10395,'2005-03-17',250,'S50_1514',45.0,487.22),
     (10396,'2005-03-23',124,'S12_3891',33.0,778.38),
     (10396,'2005-03-23',124,'S18_3140',33.0,778.38),
     (10396,'2005-03-23',124,'S18_3259',24.0,778.38),
     (10396,'2005-03-23',124,'S18_4522',45.0,778.38),
     (10396,'2005-03-23',124,'S24_2011',49.0,778.38);
INSERT INTO raw_layer.crm_orders (order_id,order_date,customer_id,product_id,quantity,sales) VALUES
     (10396,'2005-03-23',124,'S24_3151',27.0,778.38),
     (10396,'2005-03-23',124,'S24_3816',37.0,778.38),
     (10396,'2005-03-23',124,'S700_1138',39.0,778.38),
     (10397,'2005-03-28',242,'S700_1938',32.0,351.72),
     (10397,'2005-03-28',242,'S700_2610',22.0,351.72),
     (10397,'2005-03-28',242,'S700_3505',48.0,351.72),
     (10397,'2005-03-28',242,'S700_3962',36.0,351.72),
     (10397,'2005-03-28',242,'S72_3212',34.0,351.72),
     (10398,'2005-03-30',353,'S18_1662',33.0,1355.03),
     (10398,'2005-03-30',353,'S18_2581',34.0,1355.03);
INSERT INTO raw_layer.crm_orders (order_id,order_date,customer_id,product_id,quantity,sales) VALUES
     (10398,'2005-03-30',353,'S18_3029',28.0,1355.03),
     (10398,'2005-03-30',353,'S18_3856',45.0,1355.03),
     (10398,'2005-03-30',353,'S24_1785',43.0,1355.03),
     (10398,'2005-03-30',353,'S24_2841',28.0,1355.03),
     (10398,'2005-03-30',353,'S24_3420',34.0,1355.03),
     (10398,'2005-03-30',353,'S24_3949',41.0,1355.03),
     (10398,'2005-03-30',353,'S24_4278',45.0,1355.03),
     (10398,'2005-03-30',353,'S32_4289',22.0,1355.03),
     (10398,'2005-03-30',353,'S50_1341',49.0,1355.03),
     (10398,'2005-03-30',353,'S700_1691',47.0,1355.03);
INSERT INTO raw_layer.crm_orders (order_id,order_date,customer_id,product_id,quantity,sales) VALUES
     (10398,'2005-03-30',353,'S700_2047',36.0,1355.03),
     (10398,'2005-03-30',353,'S700_2466',22.0,1355.03),
     (10398,'2005-03-30',353,'S700_2834',23.0,1355.03),
     (10398,'2005-03-30',353,'S700_3167',29.0,1355.03),
     (10398,'2005-03-30',353,'S700_4002',36.0,1355.03),
     (10398,'2005-03-30',353,'S72_1253',34.0,1355.03),
     (10399,'2005-04-01',496,'S10_1678',40.0,787.39),
     (10399,'2005-04-01',496,'S10_2016',51.0,787.39),
     (10399,'2005-04-01',496,'S10_4698',22.0,787.39),
     (10399,'2005-04-01',496,'S12_2823',29.0,787.39);
INSERT INTO raw_layer.crm_orders (order_id,order_date,customer_id,product_id,quantity,sales) VALUES
     (10399,'2005-04-01',496,'S18_2625',30.0,787.39),
     (10399,'2005-04-01',496,'S24_1578',57.0,787.39),
     (10399,'2005-04-01',496,'S24_2000',58.0,787.39),
     (10399,'2005-04-01',496,'S32_1374',32.0,787.39),
     (10400,'2005-04-01',450,'S10_4757',64.0,741.11),
     (10400,'2005-04-01',450,'S18_1662',34.0,741.11),
     (10400,'2005-04-01',450,'S18_3029',30.0,741.11),
     (10400,'2005-04-01',450,'S18_3856',58.0,741.11),
     (10400,'2005-04-01',450,'S24_2841',24.0,741.11),
     (10400,'2005-04-01',450,'S24_3420',38.0,741.11);
INSERT INTO raw_layer.crm_orders (order_id,order_date,customer_id,product_id,quantity,sales) VALUES
     (10400,'2005-04-01',450,'S24_3816',42.0,741.11),
     (10400,'2005-04-01',450,'S700_2047',46.0,741.11),
     (10400,'2005-04-01',450,'S72_1253',20.0,741.11),
     (10401,'2005-04-03',328,'S18_2581',42.0,886.7),
     (10401,'2005-04-03',328,'S24_1785',38.0,886.7),
     (10401,'2005-04-03',328,'S24_3949',64.0,886.7),
     (10401,'2005-04-03',328,'S24_4278',52.0,886.7),
     (10401,'2005-04-03',328,'S32_1374',49.0,886.7),
     (10401,'2005-04-03',328,'S32_4289',62.0,886.7),
     (10401,'2005-04-03',328,'S50_1341',56.0,886.7);
INSERT INTO raw_layer.crm_orders (order_id,order_date,customer_id,product_id,quantity,sales) VALUES
     (10401,'2005-04-03',328,'S700_1691',11.0,886.7),
     (10401,'2005-04-03',328,'S700_2466',85.0,886.7),
     (10401,'2005-04-03',328,'S700_2834',21.0,886.7),
     (10401,'2005-04-03',328,'S700_3167',77.0,886.7),
     (10401,'2005-04-03',328,'S700_4002',40.0,886.7),
     (10402,'2005-04-07',406,'S10_2016',45.0,238.79001),
     (10402,'2005-04-07',406,'S18_2625',55.0,238.79001),
     (10402,'2005-04-07',406,'S24_2000',59.0,238.79001),
     (10403,'2005-04-08',201,'S10_1678',24.0,793.27),
     (10403,'2005-04-08',201,'S10_4698',66.0,793.27);
INSERT INTO raw_layer.crm_orders (order_id,order_date,customer_id,product_id,quantity,sales) VALUES
     (10403,'2005-04-08',201,'S12_2823',66.0,793.27),
     (10403,'2005-04-08',201,'S18_3782',36.0,793.27),
     (10403,'2005-04-08',201,'S24_1578',46.0,793.27),
     (10403,'2005-04-08',201,'S24_2360',27.0,793.27),
     (10403,'2005-04-08',201,'S32_2206',30.0,793.27),
     (10403,'2005-04-08',201,'S32_4485',45.0,793.27),
     (10403,'2005-04-08',201,'S50_4713',31.0,793.27),
     (10404,'2005-04-08',323,'S12_1099',64.0,771.8),
     (10404,'2005-04-08',323,'S12_3380',43.0,771.8),
     (10404,'2005-04-08',323,'S12_3990',77.0,771.8);
INSERT INTO raw_layer.crm_orders (order_id,order_date,customer_id,product_id,quantity,sales) VALUES
     (10404,'2005-04-08',323,'S18_3278',90.0,771.8),
     (10404,'2005-04-08',323,'S18_3482',28.0,771.8),
     (10404,'2005-04-08',323,'S18_4721',48.0,771.8),
     (10404,'2005-04-08',323,'S24_3371',49.0,771.8),
     (10404,'2005-04-08',323,'S24_4620',48.0,771.8),
     (10405,'2005-04-14',209,'S12_4675',97.0,500.04),
     (10405,'2005-04-14',209,'S18_1889',61.0,500.04),
     (10405,'2005-04-14',209,'S18_3232',55.0,500.04),
     (10405,'2005-04-14',209,'S24_2972',47.0,500.04),
     (10405,'2005-04-14',209,'S24_3856',76.0,500.04);
INSERT INTO raw_layer.crm_orders (order_id,order_date,customer_id,product_id,quantity,sales) VALUES
     (10406,'2005-04-15',145,'S18_1129',61.0,375.54),
     (10406,'2005-04-15',145,'S18_1984',48.0,375.54),
     (10406,'2005-04-15',145,'S18_3685',65.0,375.54),
     (10407,'2005-04-22',450,'S18_1589',59.0,1074.29),
     (10407,'2005-04-22',450,'S18_1749',76.0,1074.29),
     (10407,'2005-04-22',450,'S18_2248',42.0,1074.29),
     (10407,'2005-04-22',450,'S18_2870',41.0,1074.29),
     (10407,'2005-04-22',450,'S18_4409',6.0,1074.29),
     (10407,'2005-04-22',450,'S18_4933',66.0,1074.29),
     (10407,'2005-04-22',450,'S24_1046',26.0,1074.29);
INSERT INTO raw_layer.crm_orders (order_id,order_date,customer_id,product_id,quantity,sales) VALUES
     (10407,'2005-04-22',450,'S24_1628',64.0,1074.29),
     (10407,'2005-04-22',450,'S24_2766',76.0,1074.29),
     (10407,'2005-04-22',450,'S24_2887',59.0,1074.29),
     (10407,'2005-04-22',450,'S24_3191',13.0,1074.29),
     (10407,'2005-04-22',450,'S24_3432',43.0,1074.29),
     (10408,'2005-04-22',398,'S24_3969',15.0,41.03),
     (10409,'2005-04-23',166,'S18_2325',6.0,132.13),
     (10409,'2005-04-23',166,'S24_1937',61.0,132.13),
     (10410,'2005-04-29',357,'S18_1342',65.0,743.35004),
     (10410,'2005-04-29',357,'S18_1367',44.0,743.35004);
INSERT INTO raw_layer.crm_orders (order_id,order_date,customer_id,product_id,quantity,sales) VALUES
     (10410,'2005-04-29',357,'S18_2795',56.0,743.35004),
     (10410,'2005-04-29',357,'S18_2949',47.0,743.35004),
     (10410,'2005-04-29',357,'S18_2957',53.0,743.35004),
     (10410,'2005-04-29',357,'S18_3136',34.0,743.35004),
     (10410,'2005-04-29',357,'S18_3320',44.0,743.35004),
     (10410,'2005-04-29',357,'S24_2022',31.0,743.35004),
     (10410,'2005-04-29',357,'S24_4258',50.0,743.35004),
     (10411,'2005-05-01',233,'S10_1949',23.0,946.47),
     (10411,'2005-05-01',233,'S10_4962',27.0,946.47),
     (10411,'2005-05-01',233,'S12_1666',40.0,946.47);
INSERT INTO raw_layer.crm_orders (order_id,order_date,customer_id,product_id,quantity,sales) VALUES
     (10411,'2005-05-01',233,'S18_1097',27.0,946.47),
     (10411,'2005-05-01',233,'S18_4600',46.0,946.47),
     (10411,'2005-05-01',233,'S18_4668',35.0,946.47),
     (10411,'2005-05-01',233,'S32_1268',26.0,946.47),
     (10411,'2005-05-01',233,'S32_3522',27.0,946.47),
     (10411,'2005-05-01',233,'S700_2824',34.0,946.47),
     (10412,'2005-05-03',141,'S12_4473',54.0,1034.15),
     (10412,'2005-05-03',141,'S18_2238',41.0,1034.15),
     (10412,'2005-05-03',141,'S18_2319',56.0,1034.15),
     (10412,'2005-05-03',141,'S18_2432',47.0,1034.15);
INSERT INTO raw_layer.crm_orders (order_id,order_date,customer_id,product_id,quantity,sales) VALUES
     (10412,'2005-05-03',141,'S18_3232',60.0,1034.15),
     (10412,'2005-05-03',141,'S24_1444',21.0,1034.15),
     (10412,'2005-05-03',141,'S24_2300',70.0,1034.15),
     (10412,'2005-05-03',141,'S24_2840',30.0,1034.15),
     (10412,'2005-05-03',141,'S24_4048',31.0,1034.15),
     (10412,'2005-05-03',141,'S32_2509',19.0,1034.15),
     (10412,'2005-05-03',141,'S50_1392',26.0,1034.15),
     (10413,'2005-05-05',175,'S12_1108',36.0,763.06),
     (10413,'2005-05-05',175,'S12_3148',47.0,763.06),
     (10413,'2005-05-05',175,'S12_3891',22.0,763.06);
INSERT INTO raw_layer.crm_orders (order_id,order_date,customer_id,product_id,quantity,sales) VALUES
     (10413,'2005-05-05',175,'S18_4027',49.0,763.06),
     (10413,'2005-05-05',175,'S32_3207',24.0,763.06),
     (10413,'2005-05-05',175,'S50_1514',51.0,763.06),
     (10414,'2005-05-06',362,'S10_4757',49.0,1163.89),
     (10414,'2005-05-06',362,'S18_3029',44.0,1163.89),
     (10414,'2005-05-06',362,'S18_3140',41.0,1163.89),
     (10414,'2005-05-06',362,'S18_3259',48.0,1163.89),
     (10414,'2005-05-06',362,'S18_4522',56.0,1163.89),
     (10414,'2005-05-06',362,'S24_2011',43.0,1163.89),
     (10414,'2005-05-06',362,'S24_3151',60.0,1163.89);
INSERT INTO raw_layer.crm_orders (order_id,order_date,customer_id,product_id,quantity,sales) VALUES
     (10414,'2005-05-06',362,'S24_3816',51.0,1163.89),
     (10414,'2005-05-06',362,'S700_1138',37.0,1163.89),
     (10414,'2005-05-06',362,'S700_1938',34.0,1163.89),
     (10414,'2005-05-06',362,'S700_2610',31.0,1163.89),
     (10414,'2005-05-06',362,'S700_3505',28.0,1163.89),
     (10414,'2005-05-06',362,'S700_3962',40.0,1163.89),
     (10414,'2005-05-06',362,'S72_3212',47.0,1163.89),
     (10415,'2005-05-09',471,'S18_3856',51.0,324.13),
     (10415,'2005-05-09',471,'S24_2841',21.0,324.13),
     (10415,'2005-05-09',471,'S24_3420',18.0,324.13);
INSERT INTO raw_layer.crm_orders (order_id,order_date,customer_id,product_id,quantity,sales) VALUES
     (10415,'2005-05-09',471,'S700_2047',32.0,324.13),
     (10415,'2005-05-09',471,'S72_1253',42.0,324.13),
     (10416,'2005-05-10',386,'S18_1662',24.0,1084.48),
     (10416,'2005-05-10',386,'S18_2581',15.0,1084.48),
     (10416,'2005-05-10',386,'S24_1785',47.0,1084.48),
     (10416,'2005-05-10',386,'S24_2000',32.0,1084.48),
     (10416,'2005-05-10',386,'S24_3949',18.0,1084.48),
     (10416,'2005-05-10',386,'S24_4278',48.0,1084.48),
     (10416,'2005-05-10',386,'S32_1374',45.0,1084.48),
     (10416,'2005-05-10',386,'S32_4289',26.0,1084.48);
INSERT INTO raw_layer.crm_orders (order_id,order_date,customer_id,product_id,quantity,sales) VALUES
     (10416,'2005-05-10',386,'S50_1341',37.0,1084.48),
     (10416,'2005-05-10',386,'S700_1691',23.0,1084.48),
     (10416,'2005-05-10',386,'S700_2466',22.0,1084.48),
     (10416,'2005-05-10',386,'S700_2834',41.0,1084.48),
     (10416,'2005-05-10',386,'S700_3167',39.0,1084.48),
     (10416,'2005-05-10',386,'S700_4002',43.0,1084.48),
     (10417,'2005-05-13',141,'S10_1678',66.0,671.33),
     (10417,'2005-05-13',141,'S10_2016',45.0,671.33),
     (10417,'2005-05-13',141,'S10_4698',56.0,671.33),
     (10417,'2005-05-13',141,'S12_2823',21.0,671.33);
INSERT INTO raw_layer.crm_orders (order_id,order_date,customer_id,product_id,quantity,sales) VALUES
     (10417,'2005-05-13',141,'S18_2625',36.0,671.33),
     (10417,'2005-05-13',141,'S24_1578',35.0,671.33),
     (10418,'2005-05-16',412,'S18_3278',16.0,727.23),
     (10418,'2005-05-16',412,'S18_3482',27.0,727.23),
     (10418,'2005-05-16',412,'S18_3782',33.0,727.23),
     (10418,'2005-05-16',412,'S18_4721',28.0,727.23),
     (10418,'2005-05-16',412,'S24_2360',52.0,727.23),
     (10418,'2005-05-16',412,'S24_4620',10.0,727.23),
     (10418,'2005-05-16',412,'S32_2206',43.0,727.23),
     (10418,'2005-05-16',412,'S32_4485',50.0,727.23);
INSERT INTO raw_layer.crm_orders (order_id,order_date,customer_id,product_id,quantity,sales) VALUES
     (10418,'2005-05-16',412,'S50_4713',40.0,727.23),
     (10419,'2005-05-17',382,'S12_1099',12.0,1471.56),
     (10419,'2005-05-17',382,'S12_3380',10.0,1471.56),
     (10419,'2005-05-17',382,'S12_3990',34.0,1471.56),
     (10419,'2005-05-17',382,'S12_4675',32.0,1471.56),
     (10419,'2005-05-17',382,'S18_1129',38.0,1471.56),
     (10419,'2005-05-17',382,'S18_1589',37.0,1471.56),
     (10419,'2005-05-17',382,'S18_1889',39.0,1471.56),
     (10419,'2005-05-17',382,'S18_1984',34.0,1471.56),
     (10419,'2005-05-17',382,'S18_2870',55.0,1471.56);
INSERT INTO raw_layer.crm_orders (order_id,order_date,customer_id,product_id,quantity,sales) VALUES
     (10419,'2005-05-17',382,'S18_3232',35.0,1471.56),
     (10419,'2005-05-17',382,'S18_3685',43.0,1471.56),
     (10419,'2005-05-17',382,'S24_2972',15.0,1471.56),
     (10419,'2005-05-17',382,'S24_3371',55.0,1471.56),
     (10419,'2005-05-17',382,'S24_3856',70.0,1471.56),
     (10420,'2005-05-29',282,'S18_1749',37.0,1014.01),
     (10420,'2005-05-29',282,'S18_2248',36.0,1014.01),
     (10420,'2005-05-29',282,'S18_2325',45.0,1014.01),
     (10420,'2005-05-29',282,'S18_4409',66.0,1014.01),
     (10420,'2005-05-29',282,'S18_4933',36.0,1014.01);
INSERT INTO raw_layer.crm_orders (order_id,order_date,customer_id,product_id,quantity,sales) VALUES
     (10420,'2005-05-29',282,'S24_1046',60.0,1014.01),
     (10420,'2005-05-29',282,'S24_1628',37.0,1014.01),
     (10420,'2005-05-29',282,'S24_1937',45.0,1014.01),
     (10420,'2005-05-29',282,'S24_2766',39.0,1014.01),
     (10420,'2005-05-29',282,'S24_2887',55.0,1014.01),
     (10420,'2005-05-29',282,'S24_3191',35.0,1014.01),
     (10420,'2005-05-29',282,'S24_3432',26.0,1014.01),
     (10420,'2005-05-29',282,'S24_3969',15.0,1014.01),
     (10421,'2005-05-29',124,'S18_2795',35.0,211.86),
     (10421,'2005-05-29',124,'S24_2022',40.0,211.86);
INSERT INTO raw_layer.crm_orders (order_id,order_date,customer_id,product_id,quantity,sales) VALUES
     (10422,'2005-05-30',157,'S18_1342',51.0,138.88),
     (10422,'2005-05-30',157,'S18_1367',25.0,138.88),
     (10423,'2005-05-30',314,'S18_2949',10.0,403.05),
     (10423,'2005-05-30',314,'S18_2957',31.0,403.05),
     (10423,'2005-05-30',314,'S18_3136',21.0,403.05),
     (10423,'2005-05-30',314,'S18_3320',21.0,403.05),
     (10423,'2005-05-30',314,'S24_4258',28.0,403.05),
     (10424,'2005-05-31',141,'S10_1949',50.0,612.75),
     (10424,'2005-05-31',141,'S12_1666',49.0,612.75),
     (10424,'2005-05-31',141,'S18_1097',54.0,612.75);
INSERT INTO raw_layer.crm_orders (order_id,order_date,customer_id,product_id,quantity,sales) VALUES
     (10424,'2005-05-31',141,'S18_4668',26.0,612.75),
     (10424,'2005-05-31',141,'S32_3522',44.0,612.75),
     (10424,'2005-05-31',141,'S700_2824',46.0,612.75),
     (10425,'2005-05-31',119,'S10_4962',38.0,1231.98),
     (10425,'2005-05-31',119,'S12_4473',33.0,1231.98),
     (10425,'2005-05-31',119,'S18_2238',28.0,1231.98),
     (10425,'2005-05-31',119,'S18_2319',38.0,1231.98),
     (10425,'2005-05-31',119,'S18_2432',19.0,1231.98),
     (10425,'2005-05-31',119,'S18_3232',28.0,1231.98),
     (10425,'2005-05-31',119,'S18_4600',38.0,1231.98);
INSERT INTO raw_layer.crm_orders (order_id,order_date,customer_id,product_id,quantity,sales) VALUES
     (10425,'2005-05-31',119,'S24_1444',55.0,1231.98),
     (10425,'2005-05-31',119,'S24_2300',49.0,1231.98),
     (10425,'2005-05-31',119,'S24_2840',31.0,1231.98),
     (10425,'2005-05-31',119,'S32_1268',41.0,1231.98),
     (10425,'2005-05-31',119,'S32_2509',11.0,1231.98),
     (10425,'2005-05-31',119,'S50_1392',18.0,1231.98);


-- raw_layer.crm_products definition
CREATE TABLE raw_layer.crm_products
(
    `product_id` String,
    `product_name` String,
    `category` String,
    `category_description` String,
    `net_cost` Float32
)
ENGINE = MergeTree
PRIMARY KEY product_id
ORDER BY product_id
SETTINGS index_granularity = 8192;

INSERT INTO raw_layer.crm_products (product_id,product_name,category,category_description,net_cost) VALUES
	 ('S10_1678','1969 Harley Davidson Ultimate Chopper','Motorcycles','Our motorcycles are state of the art replicas of classic as well as contemporary motorcycle legends such as Harley Davidson, Ducati and Vespa. Models contain stunning details such as official logos, rotating wheels, working kickstand, front suspension, gear-shift lever, footbrake lever, and drive chain. Materials used include diecast and plastic. The models range in size from 1:10 to 1:50 scale and include numerous limited edition and several out-of-production vehicles. All models come fully assembled and ready for display in the home or office. Most include a certificate of authenticity.',24.405),
	 ('S10_1949','1952 Alpine Renault 1300','Classic Cars','Attention car enthusiasts: Make your wildest car ownership dreams come true. Whether you are looking for classic muscle cars, dream sports cars or movie-inspired miniatures, you will find great choices in this category. These replicas feature superb attention to detail and craftsmanship and offer features such as working steering system, opening forward compartment, opening rear trunk with removable spare wheel, 4-wheel independent spring suspension, and so on. The models range in size from 1:10 to 1:24 scale and include numerous limited edition and several out-of-production vehicles. All models include a certificate of authenticity from their manufacturers and come fully assembled and ready for display in the home or office.',49.29),
	 ('S10_2016','1996 Moto Guzzi 1100i','Motorcycles','Our motorcycles are state of the art replicas of classic as well as contemporary motorcycle legends such as Harley Davidson, Ducati and Vespa. Models contain stunning details such as official logos, rotating wheels, working kickstand, front suspension, gear-shift lever, footbrake lever, and drive chain. Materials used include diecast and plastic. The models range in size from 1:10 to 1:50 scale and include numerous limited edition and several out-of-production vehicles. All models come fully assembled and ready for display in the home or office. Most include a certificate of authenticity.',34.495),
	 ('S10_4698','2003 Harley-Davidson Eagle Drag Bike','Motorcycles','Our motorcycles are state of the art replicas of classic as well as contemporary motorcycle legends such as Harley Davidson, Ducati and Vespa. Models contain stunning details such as official logos, rotating wheels, working kickstand, front suspension, gear-shift lever, footbrake lever, and drive chain. Materials used include diecast and plastic. The models range in size from 1:10 to 1:50 scale and include numerous limited edition and several out-of-production vehicles. All models come fully assembled and ready for display in the home or office. Most include a certificate of authenticity.',45.51),
	 ('S10_4757','1972 Alfa Romeo GTA','Classic Cars','Attention car enthusiasts: Make your wildest car ownership dreams come true. Whether you are looking for classic muscle cars, dream sports cars or movie-inspired miniatures, you will find great choices in this category. These replicas feature superb attention to detail and craftsmanship and offer features such as working steering system, opening forward compartment, opening rear trunk with removable spare wheel, 4-wheel independent spring suspension, and so on. The models range in size from 1:10 to 1:24 scale and include numerous limited edition and several out-of-production vehicles. All models include a certificate of authenticity from their manufacturers and come fully assembled and ready for display in the home or office.',42.84),
	 ('S10_4962','1962 LanciaA Delta 16V','Classic Cars','Attention car enthusiasts: Make your wildest car ownership dreams come true. Whether you are looking for classic muscle cars, dream sports cars or movie-inspired miniatures, you will find great choices in this category. These replicas feature superb attention to detail and craftsmanship and offer features such as working steering system, opening forward compartment, opening rear trunk with removable spare wheel, 4-wheel independent spring suspension, and so on. The models range in size from 1:10 to 1:24 scale and include numerous limited edition and several out-of-production vehicles. All models include a certificate of authenticity from their manufacturers and come fully assembled and ready for display in the home or office.',51.71),
	 ('S12_1099','1968 Ford Mustang','Classic Cars','Attention car enthusiasts: Make your wildest car ownership dreams come true. Whether you are looking for classic muscle cars, dream sports cars or movie-inspired miniatures, you will find great choices in this category. These replicas feature superb attention to detail and craftsmanship and offer features such as working steering system, opening forward compartment, opening rear trunk with removable spare wheel, 4-wheel independent spring suspension, and so on. The models range in size from 1:10 to 1:24 scale and include numerous limited edition and several out-of-production vehicles. All models include a certificate of authenticity from their manufacturers and come fully assembled and ready for display in the home or office.',47.67),
	 ('S12_1108','2001 Ferrari Enzo','Classic Cars','Attention car enthusiasts: Make your wildest car ownership dreams come true. Whether you are looking for classic muscle cars, dream sports cars or movie-inspired miniatures, you will find great choices in this category. These replicas feature superb attention to detail and craftsmanship and offer features such as working steering system, opening forward compartment, opening rear trunk with removable spare wheel, 4-wheel independent spring suspension, and so on. The models range in size from 1:10 to 1:24 scale and include numerous limited edition and several out-of-production vehicles. All models include a certificate of authenticity from their manufacturers and come fully assembled and ready for display in the home or office.',47.795),
	 ('S12_1666','1958 Setra Bus','Trucks and Buses','The Truck and Bus models are realistic replicas of buses and specialized trucks produced from the early 1920s to present. The models range in size from 1:12 to 1:50 scale and include numerous limited edition and several out-of-production vehicles. Materials used include tin, diecast and plastic. All models include a certificate of authenticity from their manufacturers and are a perfect ornament for the home and office.',38.95),
	 ('S12_2823','2002 Suzuki XREO','Motorcycles','Our motorcycles are state of the art replicas of classic as well as contemporary motorcycle legends such as Harley Davidson, Ducati and Vespa. Models contain stunning details such as official logos, rotating wheels, working kickstand, front suspension, gear-shift lever, footbrake lever, and drive chain. Materials used include diecast and plastic. The models range in size from 1:10 to 1:50 scale and include numerous limited edition and several out-of-production vehicles. All models come fully assembled and ready for display in the home or office. Most include a certificate of authenticity.',33.135);
INSERT INTO raw_layer.crm_products (product_id,product_name,category,category_description,net_cost) VALUES
	 ('S12_3148','1969 Corvair Monza','Classic Cars','Attention car enthusiasts: Make your wildest car ownership dreams come true. Whether you are looking for classic muscle cars, dream sports cars or movie-inspired miniatures, you will find great choices in this category. These replicas feature superb attention to detail and craftsmanship and offer features such as working steering system, opening forward compartment, opening rear trunk with removable spare wheel, 4-wheel independent spring suspension, and so on. The models range in size from 1:10 to 1:24 scale and include numerous limited edition and several out-of-production vehicles. All models include a certificate of authenticity from their manufacturers and come fully assembled and ready for display in the home or office.',44.57),
	 ('S12_3380','1968 Dodge Charger','Classic Cars','Attention car enthusiasts: Make your wildest car ownership dreams come true. Whether you are looking for classic muscle cars, dream sports cars or movie-inspired miniatures, you will find great choices in this category. These replicas feature superb attention to detail and craftsmanship and offer features such as working steering system, opening forward compartment, opening rear trunk with removable spare wheel, 4-wheel independent spring suspension, and so on. The models range in size from 1:10 to 1:24 scale and include numerous limited edition and several out-of-production vehicles. All models include a certificate of authenticity from their manufacturers and come fully assembled and ready for display in the home or office.',37.58),
	 ('S12_3891','1969 Ford Falcon','Classic Cars','Attention car enthusiasts: Make your wildest car ownership dreams come true. Whether you are looking for classic muscle cars, dream sports cars or movie-inspired miniatures, you will find great choices in this category. These replicas feature superb attention to detail and craftsmanship and offer features such as working steering system, opening forward compartment, opening rear trunk with removable spare wheel, 4-wheel independent spring suspension, and so on. The models range in size from 1:10 to 1:24 scale and include numerous limited edition and several out-of-production vehicles. All models include a certificate of authenticity from their manufacturers and come fully assembled and ready for display in the home or office.',41.525),
	 ('S12_3990','1970 Plymouth Hemi Cuda','Classic Cars','Attention car enthusiasts: Make your wildest car ownership dreams come true. Whether you are looking for classic muscle cars, dream sports cars or movie-inspired miniatures, you will find great choices in this category. These replicas feature superb attention to detail and craftsmanship and offer features such as working steering system, opening forward compartment, opening rear trunk with removable spare wheel, 4-wheel independent spring suspension, and so on. The models range in size from 1:10 to 1:24 scale and include numerous limited edition and several out-of-production vehicles. All models include a certificate of authenticity from their manufacturers and come fully assembled and ready for display in the home or office.',15.96),
	 ('S12_4473','1957 Chevy Pickup','Trucks and Buses','The Truck and Bus models are realistic replicas of buses and specialized trucks produced from the early 1920s to present. The models range in size from 1:12 to 1:50 scale and include numerous limited edition and several out-of-production vehicles. Materials used include tin, diecast and plastic. All models include a certificate of authenticity from their manufacturers and are a perfect ornament for the home and office.',27.85),
	 ('S12_4675','1969 Dodge Charger','Classic Cars','Attention car enthusiasts: Make your wildest car ownership dreams come true. Whether you are looking for classic muscle cars, dream sports cars or movie-inspired miniatures, you will find great choices in this category. These replicas feature superb attention to detail and craftsmanship and offer features such as working steering system, opening forward compartment, opening rear trunk with removable spare wheel, 4-wheel independent spring suspension, and so on. The models range in size from 1:10 to 1:24 scale and include numerous limited edition and several out-of-production vehicles. All models include a certificate of authenticity from their manufacturers and come fully assembled and ready for display in the home or office.',29.365),
	 ('S18_1097','1940 Ford Pickup Truck','Trucks and Buses','The Truck and Bus models are realistic replicas of buses and specialized trucks produced from the early 1920s to present. The models range in size from 1:12 to 1:50 scale and include numerous limited edition and several out-of-production vehicles. Materials used include tin, diecast and plastic. All models include a certificate of authenticity from their manufacturers and are a perfect ornament for the home and office.',29.165),
	 ('S18_1129','1993 Mazda RX-7','Classic Cars','Attention car enthusiasts: Make your wildest car ownership dreams come true. Whether you are looking for classic muscle cars, dream sports cars or movie-inspired miniatures, you will find great choices in this category. These replicas feature superb attention to detail and craftsmanship and offer features such as working steering system, opening forward compartment, opening rear trunk with removable spare wheel, 4-wheel independent spring suspension, and so on. The models range in size from 1:10 to 1:24 scale and include numerous limited edition and several out-of-production vehicles. All models include a certificate of authenticity from their manufacturers and come fully assembled and ready for display in the home or office.',41.755),
	 ('S18_1342','1937 Lincoln Berline','Vintage Cars','Our Vintage Car models realistically portray automobiles produced from the early 1900s through the 1940s. Materials used include Bakelite, diecast, plastic and wood. Most of the replicas are in the 1:18 and 1:24 scale sizes, which provide the optimum in detail and accuracy. Prices range from $30.00 up to $180.00 for some special limited edition replicas. All models include a certificate of authenticity from their manufacturers and come fully assembled and ready for display in the home or office.',30.31),
	 ('S18_1367','1936 Mercedes-Benz 500K Special Roadster','Vintage Cars','Our Vintage Car models realistically portray automobiles produced from the early 1900s through the 1940s. Materials used include Bakelite, diecast, plastic and wood. Most of the replicas are in the 1:18 and 1:24 scale sizes, which provide the optimum in detail and accuracy. Prices range from $30.00 up to $180.00 for some special limited edition replicas. All models include a certificate of authenticity from their manufacturers and come fully assembled and ready for display in the home or office.',12.13);
INSERT INTO raw_layer.crm_products (product_id,product_name,category,category_description,net_cost) VALUES
	 ('S18_1589','1965 Aston Martin DB5','Classic Cars','Attention car enthusiasts: Make your wildest car ownership dreams come true. Whether you are looking for classic muscle cars, dream sports cars or movie-inspired miniatures, you will find great choices in this category. These replicas feature superb attention to detail and craftsmanship and offer features such as working steering system, opening forward compartment, opening rear trunk with removable spare wheel, 4-wheel independent spring suspension, and so on. The models range in size from 1:10 to 1:24 scale and include numerous limited edition and several out-of-production vehicles. All models include a certificate of authenticity from their manufacturers and come fully assembled and ready for display in the home or office.',32.98),
	 ('S18_1662','1980s Black Hawk Helicopter','Planes','Unique, diecast airplane and helicopter replicas suitable for collections, as well as home, office or classroom decorations. Models contain stunning details such as official logos and insignias, rotating jet engines and propellers, retractable wheels, and so on. Most come fully assembled and with a certificate of authenticity from their manufacturers.',38.635),
	 ('S18_1749','1917 Grand Touring Sedan','Vintage Cars','Our Vintage Car models realistically portray automobiles produced from the early 1900s through the 1940s. Materials used include Bakelite, diecast, plastic and wood. Most of the replicas are in the 1:18 and 1:24 scale sizes, which provide the optimum in detail and accuracy. Prices range from $30.00 up to $180.00 for some special limited edition replicas. All models include a certificate of authenticity from their manufacturers and come fully assembled and ready for display in the home or office.',43.35),
	 ('S18_1889','1948 Porsche 356-A Roadster','Classic Cars','Attention car enthusiasts: Make your wildest car ownership dreams come true. Whether you are looking for classic muscle cars, dream sports cars or movie-inspired miniatures, you will find great choices in this category. These replicas feature superb attention to detail and craftsmanship and offer features such as working steering system, opening forward compartment, opening rear trunk with removable spare wheel, 4-wheel independent spring suspension, and so on. The models range in size from 1:10 to 1:24 scale and include numerous limited edition and several out-of-production vehicles. All models include a certificate of authenticity from their manufacturers and come fully assembled and ready for display in the home or office.',26.95),
	 ('S18_1984','1995 Honda Civic','Classic Cars','Attention car enthusiasts: Make your wildest car ownership dreams come true. Whether you are looking for classic muscle cars, dream sports cars or movie-inspired miniatures, you will find great choices in this category. These replicas feature superb attention to detail and craftsmanship and offer features such as working steering system, opening forward compartment, opening rear trunk with removable spare wheel, 4-wheel independent spring suspension, and so on. The models range in size from 1:10 to 1:24 scale and include numerous limited edition and several out-of-production vehicles. All models include a certificate of authenticity from their manufacturers and come fully assembled and ready for display in the home or office.',46.945),
	 ('S18_2238','1998 Chrysler Plymouth Prowler','Classic Cars','Attention car enthusiasts: Make your wildest car ownership dreams come true. Whether you are looking for classic muscle cars, dream sports cars or movie-inspired miniatures, you will find great choices in this category. These replicas feature superb attention to detail and craftsmanship and offer features such as working steering system, opening forward compartment, opening rear trunk with removable spare wheel, 4-wheel independent spring suspension, and so on. The models range in size from 1:10 to 1:24 scale and include numerous limited edition and several out-of-production vehicles. All models include a certificate of authenticity from their manufacturers and come fully assembled and ready for display in the home or office.',50.755),
	 ('S18_2248','1911 Ford Town Car','Vintage Cars','Our Vintage Car models realistically portray automobiles produced from the early 1900s through the 1940s. Materials used include Bakelite, diecast, plastic and wood. Most of the replicas are in the 1:18 and 1:24 scale sizes, which provide the optimum in detail and accuracy. Prices range from $30.00 up to $180.00 for some special limited edition replicas. All models include a certificate of authenticity from their manufacturers and come fully assembled and ready for display in the home or office.',16.65),
	 ('S18_2319','1964 Mercedes Tour Bus','Trucks and Buses','The Truck and Bus models are realistic replicas of buses and specialized trucks produced from the early 1920s to present. The models range in size from 1:12 to 1:50 scale and include numerous limited edition and several out-of-production vehicles. Materials used include tin, diecast and plastic. All models include a certificate of authenticity from their manufacturers and are a perfect ornament for the home and office.',37.43),
	 ('S18_2325','1932 Model A Ford J-Coupe','Vintage Cars','Our Vintage Car models realistically portray automobiles produced from the early 1900s through the 1940s. Materials used include Bakelite, diecast, plastic and wood. Most of the replicas are in the 1:18 and 1:24 scale sizes, which provide the optimum in detail and accuracy. Prices range from $30.00 up to $180.00 for some special limited edition replicas. All models include a certificate of authenticity from their manufacturers and come fully assembled and ready for display in the home or office.',29.24),
	 ('S18_2432','1926 Ford Fire Engine','Trucks and Buses','The Truck and Bus models are realistic replicas of buses and specialized trucks produced from the early 1920s to present. The models range in size from 1:12 to 1:50 scale and include numerous limited edition and several out-of-production vehicles. Materials used include tin, diecast and plastic. All models include a certificate of authenticity from their manufacturers and are a perfect ornament for the home and office.',12.46);
INSERT INTO raw_layer.crm_products (product_id,product_name,category,category_description,net_cost) VALUES
	 ('S18_2581','P-51-D Mustang','Planes','Unique, diecast airplane and helicopter replicas suitable for collections, as well as home, office or classroom decorations. Models contain stunning details such as official logos and insignias, rotating jet engines and propellers, retractable wheels, and so on. Most come fully assembled and with a certificate of authenticity from their manufacturers.',24.5),
	 ('S18_2625','1936 Harley Davidson El Knucklehead','Motorcycles','Our motorcycles are state of the art replicas of classic as well as contemporary motorcycle legends such as Harley Davidson, Ducati and Vespa. Models contain stunning details such as official logos, rotating wheels, working kickstand, front suspension, gear-shift lever, footbrake lever, and drive chain. Materials used include diecast and plastic. The models range in size from 1:10 to 1:50 scale and include numerous limited edition and several out-of-production vehicles. All models come fully assembled and ready for display in the home or office. Most include a certificate of authenticity.',12.115),
	 ('S18_2795','1928 Mercedes-Benz SSK','Vintage Cars','Our Vintage Car models realistically portray automobiles produced from the early 1900s through the 1940s. Materials used include Bakelite, diecast, plastic and wood. Most of the replicas are in the 1:18 and 1:24 scale sizes, which provide the optimum in detail and accuracy. Prices range from $30.00 up to $180.00 for some special limited edition replicas. All models include a certificate of authenticity from their manufacturers and come fully assembled and ready for display in the home or office.',36.28),
	 ('S18_2870','1999 Indy 500 Monte Carlo SS','Classic Cars','Attention car enthusiasts: Make your wildest car ownership dreams come true. Whether you are looking for classic muscle cars, dream sports cars or movie-inspired miniatures, you will find great choices in this category. These replicas feature superb attention to detail and craftsmanship and offer features such as working steering system, opening forward compartment, opening rear trunk with removable spare wheel, 4-wheel independent spring suspension, and so on. The models range in size from 1:10 to 1:24 scale and include numerous limited edition and several out-of-production vehicles. All models include a certificate of authenticity from their manufacturers and come fully assembled and ready for display in the home or office.',28.38),
	 ('S18_2949','1913 Ford Model T Speedster','Vintage Cars','Our Vintage Car models realistically portray automobiles produced from the early 1900s through the 1940s. Materials used include Bakelite, diecast, plastic and wood. Most of the replicas are in the 1:18 and 1:24 scale sizes, which provide the optimum in detail and accuracy. Prices range from $30.00 up to $180.00 for some special limited edition replicas. All models include a certificate of authenticity from their manufacturers and come fully assembled and ready for display in the home or office.',30.39),
	 ('S18_2957','1934 Ford V8 Coupe','Vintage Cars','Our Vintage Car models realistically portray automobiles produced from the early 1900s through the 1940s. Materials used include Bakelite, diecast, plastic and wood. Most of the replicas are in the 1:18 and 1:24 scale sizes, which provide the optimum in detail and accuracy. Prices range from $30.00 up to $180.00 for some special limited edition replicas. All models include a certificate of authenticity from their manufacturers and come fully assembled and ready for display in the home or office.',17.175),
	 ('S18_3029','1999 Yamaha Speed Boat','Ships','The perfect holiday or anniversary gift for executives, clients, friends, and family. These handcrafted model ships are unique, stunning works of art that will be treasured for generations! They come fully assembled and ready for display in the home or office. We guarantee the highest quality, and best value.',25.805),
	 ('S18_3136','18th Century Vintage Horse Carriage','Vintage Cars','Our Vintage Car models realistically portray automobiles produced from the early 1900s through the 1940s. Materials used include Bakelite, diecast, plastic and wood. Most of the replicas are in the 1:18 and 1:24 scale sizes, which provide the optimum in detail and accuracy. Prices range from $30.00 up to $180.00 for some special limited edition replicas. All models include a certificate of authenticity from their manufacturers and come fully assembled and ready for display in the home or office.',30.37),
	 ('S18_3140','1903 Ford Model A','Vintage Cars','Our Vintage Car models realistically portray automobiles produced from the early 1900s through the 1940s. Materials used include Bakelite, diecast, plastic and wood. Most of the replicas are in the 1:18 and 1:24 scale sizes, which provide the optimum in detail and accuracy. Prices range from $30.00 up to $180.00 for some special limited edition replicas. All models include a certificate of authenticity from their manufacturers and come fully assembled and ready for display in the home or office.',34.15),
	 ('S18_3232','1992 Ferrari 360 Spider red','Classic Cars','Attention car enthusiasts: Make your wildest car ownership dreams come true. Whether you are looking for classic muscle cars, dream sports cars or movie-inspired miniatures, you will find great choices in this category. These replicas feature superb attention to detail and craftsmanship and offer features such as working steering system, opening forward compartment, opening rear trunk with removable spare wheel, 4-wheel independent spring suspension, and so on. The models range in size from 1:10 to 1:24 scale and include numerous limited edition and several out-of-production vehicles. All models include a certificate of authenticity from their manufacturers and come fully assembled and ready for display in the home or office.',38.95);
INSERT INTO raw_layer.crm_products (product_id,product_name,category,category_description,net_cost) VALUES
	 ('S18_3233','1985 Toyota Supra','Classic Cars','Attention car enthusiasts: Make your wildest car ownership dreams come true. Whether you are looking for classic muscle cars, dream sports cars or movie-inspired miniatures, you will find great choices in this category. These replicas feature superb attention to detail and craftsmanship and offer features such as working steering system, opening forward compartment, opening rear trunk with removable spare wheel, 4-wheel independent spring suspension, and so on. The models range in size from 1:10 to 1:24 scale and include numerous limited edition and several out-of-production vehicles. All models include a certificate of authenticity from their manufacturers and come fully assembled and ready for display in the home or office.',28.505),
	 ('S18_3259','Collectable Wooden Train','Trains','Model trains are a rewarding hobby for enthusiasts of all ages. Whether you''re looking for collectible wooden trains, electric streetcars or locomotives, you''ll find a number of great choices for any budget within this category. The interactive aspect of trains makes toy trains perfect for young children. The wooden train sets are ideal for children under the age of 5.',33.78),
	 ('S18_3278','1969 Dodge Super Bee','Classic Cars','Attention car enthusiasts: Make your wildest car ownership dreams come true. Whether you are looking for classic muscle cars, dream sports cars or movie-inspired miniatures, you will find great choices in this category. These replicas feature superb attention to detail and craftsmanship and offer features such as working steering system, opening forward compartment, opening rear trunk with removable spare wheel, 4-wheel independent spring suspension, and so on. The models range in size from 1:10 to 1:24 scale and include numerous limited edition and several out-of-production vehicles. All models include a certificate of authenticity from their manufacturers and come fully assembled and ready for display in the home or office.',24.525),
	 ('S18_3320','1917 Maxwell Touring Car','Vintage Cars','Our Vintage Car models realistically portray automobiles produced from the early 1900s through the 1940s. Materials used include Bakelite, diecast, plastic and wood. Most of the replicas are in the 1:18 and 1:24 scale sizes, which provide the optimum in detail and accuracy. Prices range from $30.00 up to $180.00 for some special limited edition replicas. All models include a certificate of authenticity from their manufacturers and come fully assembled and ready for display in the home or office.',28.77),
	 ('S18_3482','1976 Ford Gran Torino','Classic Cars','Attention car enthusiasts: Make your wildest car ownership dreams come true. Whether you are looking for classic muscle cars, dream sports cars or movie-inspired miniatures, you will find great choices in this category. These replicas feature superb attention to detail and craftsmanship and offer features such as working steering system, opening forward compartment, opening rear trunk with removable spare wheel, 4-wheel independent spring suspension, and so on. The models range in size from 1:10 to 1:24 scale and include numerous limited edition and several out-of-production vehicles. All models include a certificate of authenticity from their manufacturers and come fully assembled and ready for display in the home or office.',36.745),
	 ('S18_3685','1948 Porsche Type 356 Roadster','Classic Cars','Attention car enthusiasts: Make your wildest car ownership dreams come true. Whether you are looking for classic muscle cars, dream sports cars or movie-inspired miniatures, you will find great choices in this category. These replicas feature superb attention to detail and craftsmanship and offer features such as working steering system, opening forward compartment, opening rear trunk with removable spare wheel, 4-wheel independent spring suspension, and so on. The models range in size from 1:10 to 1:24 scale and include numerous limited edition and several out-of-production vehicles. All models include a certificate of authenticity from their manufacturers and come fully assembled and ready for display in the home or office.',31.08),
	 ('S18_3782','1957 Vespa GS150','Motorcycles','Our motorcycles are state of the art replicas of classic as well as contemporary motorcycle legends such as Harley Davidson, Ducati and Vespa. Models contain stunning details such as official logos, rotating wheels, working kickstand, front suspension, gear-shift lever, footbrake lever, and drive chain. Materials used include diecast and plastic. The models range in size from 1:10 to 1:50 scale and include numerous limited edition and several out-of-production vehicles. All models come fully assembled and ready for display in the home or office. Most include a certificate of authenticity.',16.475),
	 ('S18_3856','1941 Chevrolet Special Deluxe Cabriolet','Vintage Cars','Our Vintage Car models realistically portray automobiles produced from the early 1900s through the 1940s. Materials used include Bakelite, diecast, plastic and wood. Most of the replicas are in the 1:18 and 1:24 scale sizes, which provide the optimum in detail and accuracy. Prices range from $30.00 up to $180.00 for some special limited edition replicas. All models include a certificate of authenticity from their manufacturers and come fully assembled and ready for display in the home or office.',32.29),
	 ('S18_4027','1970 Triumph Spitfire','Classic Cars','Attention car enthusiasts: Make your wildest car ownership dreams come true. Whether you are looking for classic muscle cars, dream sports cars or movie-inspired miniatures, you will find great choices in this category. These replicas feature superb attention to detail and craftsmanship and offer features such as working steering system, opening forward compartment, opening rear trunk with removable spare wheel, 4-wheel independent spring suspension, and so on. The models range in size from 1:10 to 1:24 scale and include numerous limited edition and several out-of-production vehicles. All models include a certificate of authenticity from their manufacturers and come fully assembled and ready for display in the home or office.',45.96),
	 ('S18_4409','1932 Alfa Romeo 8C2300 Spider Sport','Vintage Cars','Our Vintage Car models realistically portray automobiles produced from the early 1900s through the 1940s. Materials used include Bakelite, diecast, plastic and wood. Most of the replicas are in the 1:18 and 1:24 scale sizes, which provide the optimum in detail and accuracy. Prices range from $30.00 up to $180.00 for some special limited edition replicas. All models include a certificate of authenticity from their manufacturers and come fully assembled and ready for display in the home or office.',21.63);
INSERT INTO raw_layer.crm_products (product_id,product_name,category,category_description,net_cost) VALUES
	 ('S18_4522','1904 Buick Runabout','Vintage Cars','Our Vintage Car models realistically portray automobiles produced from the early 1900s through the 1940s. Materials used include Bakelite, diecast, plastic and wood. Most of the replicas are in the 1:18 and 1:24 scale sizes, which provide the optimum in detail and accuracy. Prices range from $30.00 up to $180.00 for some special limited edition replicas. All models include a certificate of authenticity from their manufacturers and come fully assembled and ready for display in the home or office.',26.33),
	 ('S18_4600','1940s Ford truck','Trucks and Buses','The Truck and Bus models are realistic replicas of buses and specialized trucks produced from the early 1920s to present. The models range in size from 1:12 to 1:50 scale and include numerous limited edition and several out-of-production vehicles. Materials used include tin, diecast and plastic. All models include a certificate of authenticity from their manufacturers and are a perfect ornament for the home and office.',42.38),
	 ('S18_4668','1939 Cadillac Limousine','Vintage Cars','Our Vintage Car models realistically portray automobiles produced from the early 1900s through the 1940s. Materials used include Bakelite, diecast, plastic and wood. Most of the replicas are in the 1:18 and 1:24 scale sizes, which provide the optimum in detail and accuracy. Prices range from $30.00 up to $180.00 for some special limited edition replicas. All models include a certificate of authenticity from their manufacturers and come fully assembled and ready for display in the home or office.',11.57),
	 ('S18_4721','1957 Corvette Convertible','Classic Cars','Attention car enthusiasts: Make your wildest car ownership dreams come true. Whether you are looking for classic muscle cars, dream sports cars or movie-inspired miniatures, you will find great choices in this category. These replicas feature superb attention to detail and craftsmanship and offer features such as working steering system, opening forward compartment, opening rear trunk with removable spare wheel, 4-wheel independent spring suspension, and so on. The models range in size from 1:10 to 1:24 scale and include numerous limited edition and several out-of-production vehicles. All models include a certificate of authenticity from their manufacturers and come fully assembled and ready for display in the home or office.',34.965),
	 ('S18_4933','1957 Ford Thunderbird','Classic Cars','Attention car enthusiasts: Make your wildest car ownership dreams come true. Whether you are looking for classic muscle cars, dream sports cars or movie-inspired miniatures, you will find great choices in this category. These replicas feature superb attention to detail and craftsmanship and offer features such as working steering system, opening forward compartment, opening rear trunk with removable spare wheel, 4-wheel independent spring suspension, and so on. The models range in size from 1:10 to 1:24 scale and include numerous limited edition and several out-of-production vehicles. All models include a certificate of authenticity from their manufacturers and come fully assembled and ready for display in the home or office.',17.105),
	 ('S24_1046','1970 Chevy Chevelle SS 454','Classic Cars','Attention car enthusiasts: Make your wildest car ownership dreams come true. Whether you are looking for classic muscle cars, dream sports cars or movie-inspired miniatures, you will find great choices in this category. These replicas feature superb attention to detail and craftsmanship and offer features such as working steering system, opening forward compartment, opening rear trunk with removable spare wheel, 4-wheel independent spring suspension, and so on. The models range in size from 1:10 to 1:24 scale and include numerous limited edition and several out-of-production vehicles. All models include a certificate of authenticity from their manufacturers and come fully assembled and ready for display in the home or office.',24.62),
	 ('S24_1444','1970 Dodge Coronet','Classic Cars','Attention car enthusiasts: Make your wildest car ownership dreams come true. Whether you are looking for classic muscle cars, dream sports cars or movie-inspired miniatures, you will find great choices in this category. These replicas feature superb attention to detail and craftsmanship and offer features such as working steering system, opening forward compartment, opening rear trunk with removable spare wheel, 4-wheel independent spring suspension, and so on. The models range in size from 1:10 to 1:24 scale and include numerous limited edition and several out-of-production vehicles. All models include a certificate of authenticity from their manufacturers and come fully assembled and ready for display in the home or office.',16.185),
	 ('S24_1578','1997 BMW R 1100 S','Motorcycles','Our motorcycles are state of the art replicas of classic as well as contemporary motorcycle legends such as Harley Davidson, Ducati and Vespa. Models contain stunning details such as official logos, rotating wheels, working kickstand, front suspension, gear-shift lever, footbrake lever, and drive chain. Materials used include diecast and plastic. The models range in size from 1:10 to 1:50 scale and include numerous limited edition and several out-of-production vehicles. All models come fully assembled and ready for display in the home or office. Most include a certificate of authenticity.',30.43),
	 ('S24_1628','1966 Shelby Cobra 427 S/C','Classic Cars','Attention car enthusiasts: Make your wildest car ownership dreams come true. Whether you are looking for classic muscle cars, dream sports cars or movie-inspired miniatures, you will find great choices in this category. These replicas feature superb attention to detail and craftsmanship and offer features such as working steering system, opening forward compartment, opening rear trunk with removable spare wheel, 4-wheel independent spring suspension, and so on. The models range in size from 1:10 to 1:24 scale and include numerous limited edition and several out-of-production vehicles. All models include a certificate of authenticity from their manufacturers and come fully assembled and ready for display in the home or office.',14.59),
	 ('S24_1785','1928 British Royal Navy Airplane','Planes','Unique, diecast airplane and helicopter replicas suitable for collections, as well as home, office or classroom decorations. Models contain stunning details such as official logos and insignias, rotating jet engines and propellers, retractable wheels, and so on. Most come fully assembled and with a certificate of authenticity from their manufacturers.',33.37);
INSERT INTO raw_layer.crm_products (product_id,product_name,category,category_description,net_cost) VALUES
	 ('S24_1937','1939 Chevrolet Deluxe Coupe','Vintage Cars','Our Vintage Car models realistically portray automobiles produced from the early 1900s through the 1940s. Materials used include Bakelite, diecast, plastic and wood. Most of the replicas are in the 1:18 and 1:24 scale sizes, which provide the optimum in detail and accuracy. Prices range from $30.00 up to $180.00 for some special limited edition replicas. All models include a certificate of authenticity from their manufacturers and come fully assembled and ready for display in the home or office.',11.285),
	 ('S24_2000','1960 BSA Gold Star DBD34','Motorcycles','Our motorcycles are state of the art replicas of classic as well as contemporary motorcycle legends such as Harley Davidson, Ducati and Vespa. Models contain stunning details such as official logos, rotating wheels, working kickstand, front suspension, gear-shift lever, footbrake lever, and drive chain. Materials used include diecast and plastic. The models range in size from 1:10 to 1:50 scale and include numerous limited edition and several out-of-production vehicles. All models come fully assembled and ready for display in the home or office. Most include a certificate of authenticity.',18.66),
	 ('S24_2011','18th century schooner','Ships','The perfect holiday or anniversary gift for executives, clients, friends, and family. These handcrafted model ships are unique, stunning works of art that will be treasured for generations! They come fully assembled and ready for display in the home or office. We guarantee the highest quality, and best value.',41.17),
	 ('S24_2022','1938 Cadillac V-16 Presidential Limousine','Vintage Cars','Our Vintage Car models realistically portray automobiles produced from the early 1900s through the 1940s. Materials used include Bakelite, diecast, plastic and wood. Most of the replicas are in the 1:18 and 1:24 scale sizes, which provide the optimum in detail and accuracy. Prices range from $30.00 up to $180.00 for some special limited edition replicas. All models include a certificate of authenticity from their manufacturers and come fully assembled and ready for display in the home or office.',10.305),
	 ('S24_2300','1962 Volkswagen Microbus','Trucks and Buses','The Truck and Bus models are realistic replicas of buses and specialized trucks produced from the early 1920s to present. The models range in size from 1:12 to 1:50 scale and include numerous limited edition and several out-of-production vehicles. Materials used include tin, diecast and plastic. All models include a certificate of authenticity from their manufacturers and are a perfect ornament for the home and office.',30.67),
	 ('S24_2360','1982 Ducati 900 Monster','Motorcycles','Our motorcycles are state of the art replicas of classic as well as contemporary motorcycle legends such as Harley Davidson, Ducati and Vespa. Models contain stunning details such as official logos, rotating wheels, working kickstand, front suspension, gear-shift lever, footbrake lever, and drive chain. Materials used include diecast and plastic. The models range in size from 1:10 to 1:50 scale and include numerous limited edition and several out-of-production vehicles. All models come fully assembled and ready for display in the home or office. Most include a certificate of authenticity.',23.55),
	 ('S24_2766','1949 Jaguar XK 120','Classic Cars','Attention car enthusiasts: Make your wildest car ownership dreams come true. Whether you are looking for classic muscle cars, dream sports cars or movie-inspired miniatures, you will find great choices in this category. These replicas feature superb attention to detail and craftsmanship and offer features such as working steering system, opening forward compartment, opening rear trunk with removable spare wheel, 4-wheel independent spring suspension, and so on. The models range in size from 1:10 to 1:24 scale and include numerous limited edition and several out-of-production vehicles. All models include a certificate of authenticity from their manufacturers and come fully assembled and ready for display in the home or office.',23.625),
	 ('S24_2840','1958 Chevy Corvette Limited Edition','Classic Cars','Attention car enthusiasts: Make your wildest car ownership dreams come true. Whether you are looking for classic muscle cars, dream sports cars or movie-inspired miniatures, you will find great choices in this category. These replicas feature superb attention to detail and craftsmanship and offer features such as working steering system, opening forward compartment, opening rear trunk with removable spare wheel, 4-wheel independent spring suspension, and so on. The models range in size from 1:10 to 1:24 scale and include numerous limited edition and several out-of-production vehicles. All models include a certificate of authenticity from their manufacturers and come fully assembled and ready for display in the home or office.',7.955),
	 ('S24_2841','1900s Vintage Bi-Plane','Planes','Unique, diecast airplane and helicopter replicas suitable for collections, as well as home, office or classroom decorations. Models contain stunning details such as official logos and insignias, rotating jet engines and propellers, retractable wheels, and so on. Most come fully assembled and with a certificate of authenticity from their manufacturers.',17.125),
	 ('S24_2887','1952 Citroen-15CV','Classic Cars','Attention car enthusiasts: Make your wildest car ownership dreams come true. Whether you are looking for classic muscle cars, dream sports cars or movie-inspired miniatures, you will find great choices in this category. These replicas feature superb attention to detail and craftsmanship and offer features such as working steering system, opening forward compartment, opening rear trunk with removable spare wheel, 4-wheel independent spring suspension, and so on. The models range in size from 1:10 to 1:24 scale and include numerous limited edition and several out-of-production vehicles. All models include a certificate of authenticity from their manufacturers and come fully assembled and ready for display in the home or office.',36.41);
INSERT INTO raw_layer.crm_products (product_id,product_name,category,category_description,net_cost) VALUES
	 ('S24_2972','1982 Lamborghini Diablo','Classic Cars','Attention car enthusiasts: Make your wildest car ownership dreams come true. Whether you are looking for classic muscle cars, dream sports cars or movie-inspired miniatures, you will find great choices in this category. These replicas feature superb attention to detail and craftsmanship and offer features such as working steering system, opening forward compartment, opening rear trunk with removable spare wheel, 4-wheel independent spring suspension, and so on. The models range in size from 1:10 to 1:24 scale and include numerous limited edition and several out-of-production vehicles. All models include a certificate of authenticity from their manufacturers and come fully assembled and ready for display in the home or office.',8.12),
	 ('S24_3151','1912 Ford Model T Delivery Wagon','Vintage Cars','Our Vintage Car models realistically portray automobiles produced from the early 1900s through the 1940s. Materials used include Bakelite, diecast, plastic and wood. Most of the replicas are in the 1:18 and 1:24 scale sizes, which provide the optimum in detail and accuracy. Prices range from $30.00 up to $180.00 for some special limited edition replicas. All models include a certificate of authenticity from their manufacturers and come fully assembled and ready for display in the home or office.',23.455),
	 ('S24_3191','1969 Chevrolet Camaro Z28','Classic Cars','Attention car enthusiasts: Make your wildest car ownership dreams come true. Whether you are looking for classic muscle cars, dream sports cars or movie-inspired miniatures, you will find great choices in this category. These replicas feature superb attention to detail and craftsmanship and offer features such as working steering system, opening forward compartment, opening rear trunk with removable spare wheel, 4-wheel independent spring suspension, and so on. The models range in size from 1:10 to 1:24 scale and include numerous limited edition and several out-of-production vehicles. All models include a certificate of authenticity from their manufacturers and come fully assembled and ready for display in the home or office.',25.255),
	 ('S24_3371','1971 Alpine Renault 1600s','Classic Cars','Attention car enthusiasts: Make your wildest car ownership dreams come true. Whether you are looking for classic muscle cars, dream sports cars or movie-inspired miniatures, you will find great choices in this category. These replicas feature superb attention to detail and craftsmanship and offer features such as working steering system, opening forward compartment, opening rear trunk with removable spare wheel, 4-wheel independent spring suspension, and so on. The models range in size from 1:10 to 1:24 scale and include numerous limited edition and several out-of-production vehicles. All models include a certificate of authenticity from their manufacturers and come fully assembled and ready for display in the home or office.',19.29),
	 ('S24_3420','1937 Horch 930V Limousine','Vintage Cars','Our Vintage Car models realistically portray automobiles produced from the early 1900s through the 1940s. Materials used include Bakelite, diecast, plastic and wood. Most of the replicas are in the 1:18 and 1:24 scale sizes, which provide the optimum in detail and accuracy. Prices range from $30.00 up to $180.00 for some special limited edition replicas. All models include a certificate of authenticity from their manufacturers and come fully assembled and ready for display in the home or office.',13.15),
	 ('S24_3432','2002 Chevy Corvette','Classic Cars','Attention car enthusiasts: Make your wildest car ownership dreams come true. Whether you are looking for classic muscle cars, dream sports cars or movie-inspired miniatures, you will find great choices in this category. These replicas feature superb attention to detail and craftsmanship and offer features such as working steering system, opening forward compartment, opening rear trunk with removable spare wheel, 4-wheel independent spring suspension, and so on. The models range in size from 1:10 to 1:24 scale and include numerous limited edition and several out-of-production vehicles. All models include a certificate of authenticity from their manufacturers and come fully assembled and ready for display in the home or office.',31.055),
	 ('S24_3816','1940 Ford Delivery Sedan','Vintage Cars','Our Vintage Car models realistically portray automobiles produced from the early 1900s through the 1940s. Materials used include Bakelite, diecast, plastic and wood. Most of the replicas are in the 1:18 and 1:24 scale sizes, which provide the optimum in detail and accuracy. Prices range from $30.00 up to $180.00 for some special limited edition replicas. All models include a certificate of authenticity from their manufacturers and come fully assembled and ready for display in the home or office.',24.32),
	 ('S24_3856','1956 Porsche 356A Coupe','Classic Cars','Attention car enthusiasts: Make your wildest car ownership dreams come true. Whether you are looking for classic muscle cars, dream sports cars or movie-inspired miniatures, you will find great choices in this category. These replicas feature superb attention to detail and craftsmanship and offer features such as working steering system, opening forward compartment, opening rear trunk with removable spare wheel, 4-wheel independent spring suspension, and so on. The models range in size from 1:10 to 1:24 scale and include numerous limited edition and several out-of-production vehicles. All models include a certificate of authenticity from their manufacturers and come fully assembled and ready for display in the home or office.',49.15),
	 ('S24_3949','Corsair F4U ( Bird Cage)','Planes','Unique, diecast airplane and helicopter replicas suitable for collections, as well as home, office or classroom decorations. Models contain stunning details such as official logos and insignias, rotating jet engines and propellers, retractable wheels, and so on. Most come fully assembled and with a certificate of authenticity from their manufacturers.',14.67),
	 ('S24_3969','1936 Mercedes Benz 500k Roadster','Vintage Cars','Our Vintage Car models realistically portray automobiles produced from the early 1900s through the 1940s. Materials used include Bakelite, diecast, plastic and wood. Most of the replicas are in the 1:18 and 1:24 scale sizes, which provide the optimum in detail and accuracy. Prices range from $30.00 up to $180.00 for some special limited edition replicas. All models include a certificate of authenticity from their manufacturers and come fully assembled and ready for display in the home or office.',10.875);
INSERT INTO raw_layer.crm_products (product_id,product_name,category,category_description,net_cost) VALUES
	 ('S24_4048','1992 Porsche Cayenne Turbo Silver','Classic Cars','Attention car enthusiasts: Make your wildest car ownership dreams come true. Whether you are looking for classic muscle cars, dream sports cars or movie-inspired miniatures, you will find great choices in this category. These replicas feature superb attention to detail and craftsmanship and offer features such as working steering system, opening forward compartment, opening rear trunk with removable spare wheel, 4-wheel independent spring suspension, and so on. The models range in size from 1:10 to 1:24 scale and include numerous limited edition and several out-of-production vehicles. All models include a certificate of authenticity from their manufacturers and come fully assembled and ready for display in the home or office.',34.89),
	 ('S24_4258','1936 Chrysler Airflow','Vintage Cars','Our Vintage Car models realistically portray automobiles produced from the early 1900s through the 1940s. Materials used include Bakelite, diecast, plastic and wood. Most of the replicas are in the 1:18 and 1:24 scale sizes, which provide the optimum in detail and accuracy. Prices range from $30.00 up to $180.00 for some special limited edition replicas. All models include a certificate of authenticity from their manufacturers and come fully assembled and ready for display in the home or office.',28.73),
	 ('S24_4278','1900s Vintage Tri-Plane','Planes','Unique, diecast airplane and helicopter replicas suitable for collections, as well as home, office or classroom decorations. Models contain stunning details such as official logos and insignias, rotating jet engines and propellers, retractable wheels, and so on. Most come fully assembled and with a certificate of authenticity from their manufacturers.',18.115),
	 ('S24_4620','1961 Chevrolet Impala','Classic Cars','Attention car enthusiasts: Make your wildest car ownership dreams come true. Whether you are looking for classic muscle cars, dream sports cars or movie-inspired miniatures, you will find great choices in this category. These replicas feature superb attention to detail and craftsmanship and offer features such as working steering system, opening forward compartment, opening rear trunk with removable spare wheel, 4-wheel independent spring suspension, and so on. The models range in size from 1:10 to 1:24 scale and include numerous limited edition and several out-of-production vehicles. All models include a certificate of authenticity from their manufacturers and come fully assembled and ready for display in the home or office.',16.165),
	 ('S32_1268','1980’s GM Manhattan Express','Trucks and Buses','The Truck and Bus models are realistic replicas of buses and specialized trucks produced from the early 1920s to present. The models range in size from 1:12 to 1:50 scale and include numerous limited edition and several out-of-production vehicles. Materials used include tin, diecast and plastic. All models include a certificate of authenticity from their manufacturers and are a perfect ornament for the home and office.',26.965),
	 ('S32_1374','1997 BMW F650 ST','Motorcycles','Our motorcycles are state of the art replicas of classic as well as contemporary motorcycle legends such as Harley Davidson, Ducati and Vespa. Models contain stunning details such as official logos, rotating wheels, working kickstand, front suspension, gear-shift lever, footbrake lever, and drive chain. Materials used include diecast and plastic. The models range in size from 1:10 to 1:50 scale and include numerous limited edition and several out-of-production vehicles. All models come fully assembled and ready for display in the home or office. Most include a certificate of authenticity.',33.46),
	 ('S32_2206','1982 Ducati 996 R','Motorcycles','Our motorcycles are state of the art replicas of classic as well as contemporary motorcycle legends such as Harley Davidson, Ducati and Vespa. Models contain stunning details such as official logos, rotating wheels, working kickstand, front suspension, gear-shift lever, footbrake lever, and drive chain. Materials used include diecast and plastic. The models range in size from 1:10 to 1:50 scale and include numerous limited edition and several out-of-production vehicles. All models come fully assembled and ready for display in the home or office. Most include a certificate of authenticity.',12.07),
	 ('S32_2509','1954 Greyhound Scenicruiser','Trucks and Buses','The Truck and Bus models are realistic replicas of buses and specialized trucks produced from the early 1920s to present. The models range in size from 1:12 to 1:50 scale and include numerous limited edition and several out-of-production vehicles. Materials used include tin, diecast and plastic. All models include a certificate of authenticity from their manufacturers and are a perfect ornament for the home and office.',12.99),
	 ('S32_3207','1950''s Chicago Surface Lines Streetcar','Trains','Model trains are a rewarding hobby for enthusiasts of all ages. Whether you''re looking for collectible wooden trains, electric streetcars or locomotives, you''ll find a number of great choices for any budget within this category. The interactive aspect of trains makes toy trains perfect for young children. The wooden train sets are ideal for children under the age of 5.',13.36),
	 ('S32_3522','1996 Peterbilt 379 Stake Bed with Outrigger','Trucks and Buses','The Truck and Bus models are realistic replicas of buses and specialized trucks produced from the early 1920s to present. The models range in size from 1:12 to 1:50 scale and include numerous limited edition and several out-of-production vehicles. Materials used include tin, diecast and plastic. All models include a certificate of authenticity from their manufacturers and are a perfect ornament for the home and office.',16.805);
INSERT INTO raw_layer.crm_products (product_id,product_name,category,category_description,net_cost) VALUES
	 ('S32_4289','1928 Ford Phaeton Deluxe','Vintage Cars','Our Vintage Car models realistically portray automobiles produced from the early 1900s through the 1940s. Materials used include Bakelite, diecast, plastic and wood. Most of the replicas are in the 1:18 and 1:24 scale sizes, which provide the optimum in detail and accuracy. Prices range from $30.00 up to $180.00 for some special limited edition replicas. All models include a certificate of authenticity from their manufacturers and come fully assembled and ready for display in the home or office.',16.51),
	 ('S32_4485','1974 Ducati 350 Mk3 Desmo','Motorcycles','Our motorcycles are state of the art replicas of classic as well as contemporary motorcycle legends such as Harley Davidson, Ducati and Vespa. Models contain stunning details such as official logos, rotating wheels, working kickstand, front suspension, gear-shift lever, footbrake lever, and drive chain. Materials used include diecast and plastic. The models range in size from 1:10 to 1:50 scale and include numerous limited edition and several out-of-production vehicles. All models come fully assembled and ready for display in the home or office. Most include a certificate of authenticity.',28.065),
	 ('S50_1341','1930 Buick Marquette Phaeton','Vintage Cars','Our Vintage Car models realistically portray automobiles produced from the early 1900s through the 1940s. Materials used include Bakelite, diecast, plastic and wood. Most of the replicas are in the 1:18 and 1:24 scale sizes, which provide the optimum in detail and accuracy. Prices range from $30.00 up to $180.00 for some special limited edition replicas. All models include a certificate of authenticity from their manufacturers and come fully assembled and ready for display in the home or office.',13.53),
	 ('S50_1392','Diamond T620 Semi-Skirted Tanker','Trucks and Buses','The Truck and Bus models are realistic replicas of buses and specialized trucks produced from the early 1920s to present. The models range in size from 1:12 to 1:50 scale and include numerous limited edition and several out-of-production vehicles. Materials used include tin, diecast and plastic. All models include a certificate of authenticity from their manufacturers and are a perfect ornament for the home and office.',34.145),
	 ('S50_1514','1962 City of Detroit Streetcar','Trains','Model trains are a rewarding hobby for enthusiasts of all ages. Whether you''re looking for collectible wooden trains, electric streetcars or locomotives, you''ll find a number of great choices for any budget within this category. The interactive aspect of trains makes toy trains perfect for young children. The wooden train sets are ideal for children under the age of 5.',18.745),
	 ('S50_4713','2002 Yamaha YZR M1','Motorcycles','Our motorcycles are state of the art replicas of classic as well as contemporary motorcycle legends such as Harley Davidson, Ducati and Vespa. Models contain stunning details such as official logos, rotating wheels, working kickstand, front suspension, gear-shift lever, footbrake lever, and drive chain. Materials used include diecast and plastic. The models range in size from 1:10 to 1:50 scale and include numerous limited edition and several out-of-production vehicles. All models come fully assembled and ready for display in the home or office. Most include a certificate of authenticity.',17.085),
	 ('S700_1138','The Schooner Bluenose','Ships','The perfect holiday or anniversary gift for executives, clients, friends, and family. These handcrafted model ships are unique, stunning works of art that will be treasured for generations! They come fully assembled and ready for display in the home or office. We guarantee the highest quality, and best value.',17.0),
	 ('S700_1691','American Airlines: B767-300','Planes','Unique, diecast airplane and helicopter replicas suitable for collections, as well as home, office or classroom decorations. Models contain stunning details such as official logos and insignias, rotating jet engines and propellers, retractable wheels, and so on. Most come fully assembled and with a certificate of authenticity from their manufacturers.',25.575),
	 ('S700_1938','The Mayflower','Ships','The perfect holiday or anniversary gift for executives, clients, friends, and family. These handcrafted model ships are unique, stunning works of art that will be treasured for generations! They come fully assembled and ready for display in the home or office. We guarantee the highest quality, and best value.',21.65),
	 ('S700_2047','HMS Bounty','Ships','The perfect holiday or anniversary gift for executives, clients, friends, and family. These handcrafted model ships are unique, stunning works of art that will be treasured for generations! They come fully assembled and ready for display in the home or office. We guarantee the highest quality, and best value.',19.915);
INSERT INTO raw_layer.crm_products (product_id,product_name,category,category_description,net_cost) VALUES
	 ('S700_2466','America West Airlines B757-200','Planes','Unique, diecast airplane and helicopter replicas suitable for collections, as well as home, office or classroom decorations. Models contain stunning details such as official logos and insignias, rotating jet engines and propellers, retractable wheels, and so on. Most come fully assembled and with a certificate of authenticity from their manufacturers.',34.4),
	 ('S700_2610','The USS Constitution Ship','Ships','The perfect holiday or anniversary gift for executives, clients, friends, and family. These handcrafted model ships are unique, stunning works of art that will be treasured for generations! They come fully assembled and ready for display in the home or office. We guarantee the highest quality, and best value.',16.985),
	 ('S700_2824','1982 Camaro Z28','Classic Cars','Attention car enthusiasts: Make your wildest car ownership dreams come true. Whether you are looking for classic muscle cars, dream sports cars or movie-inspired miniatures, you will find great choices in this category. These replicas feature superb attention to detail and craftsmanship and offer features such as working steering system, opening forward compartment, opening rear trunk with removable spare wheel, 4-wheel independent spring suspension, and so on. The models range in size from 1:10 to 1:24 scale and include numerous limited edition and several out-of-production vehicles. All models include a certificate of authenticity from their manufacturers and come fully assembled and ready for display in the home or office.',23.265),
	 ('S700_2834','ATA: B757-300','Planes','Unique, diecast airplane and helicopter replicas suitable for collections, as well as home, office or classroom decorations. Models contain stunning details such as official logos and insignias, rotating jet engines and propellers, retractable wheels, and so on. Most come fully assembled and with a certificate of authenticity from their manufacturers.',29.665),
	 ('S700_3167','F/A 18 Hornet 1/72','Planes','Unique, diecast airplane and helicopter replicas suitable for collections, as well as home, office or classroom decorations. Models contain stunning details such as official logos and insignias, rotating jet engines and propellers, retractable wheels, and so on. Most come fully assembled and with a certificate of authenticity from their manufacturers.',27.2),
	 ('S700_3505','The Titanic','Ships','The perfect holiday or anniversary gift for executives, clients, friends, and family. These handcrafted model ships are unique, stunning works of art that will be treasured for generations! They come fully assembled and ready for display in the home or office. We guarantee the highest quality, and best value.',25.545),
	 ('S700_3962','The Queen Mary','Ships','The perfect holiday or anniversary gift for executives, clients, friends, and family. These handcrafted model ships are unique, stunning works of art that will be treasured for generations! They come fully assembled and ready for display in the home or office. We guarantee the highest quality, and best value.',26.815),
	 ('S700_4002','American Airlines: MD-11S','Planes','Unique, diecast airplane and helicopter replicas suitable for collections, as well as home, office or classroom decorations. Models contain stunning details such as official logos and insignias, rotating jet engines and propellers, retractable wheels, and so on. Most come fully assembled and with a certificate of authenticity from their manufacturers.',18.135),
	 ('S72_1253','Boeing X-32A JSF','Planes','Unique, diecast airplane and helicopter replicas suitable for collections, as well as home, office or classroom decorations. Models contain stunning details such as official logos and insignias, rotating jet engines and propellers, retractable wheels, and so on. Most come fully assembled and with a certificate of authenticity from their manufacturers.',16.385),
	 ('S72_3212','Pont Yacht','Ships','The perfect holiday or anniversary gift for executives, clients, friends, and family. These handcrafted model ships are unique, stunning works of art that will be treasured for generations! They come fully assembled and ready for display in the home or office. We guarantee the highest quality, and best value.',16.65);

